id,shot_id,user_id,body,created_at
1,343,11,The micro-interactions are so smooth!,2023-06-13 21:26:45
2,10,11,Great use of color and typography.,2023-05-25 05:04:14
3,452,43,Clean and minimal. Perfect! ✨,2024-05-20 00:56:01
4,165,50,Clean and minimal. Perfect! ✨,2024-08-26 07:07:23
5,382,39,Great use of color and typography.,2025-08-02 01:48:27
6,200,17,Can you share the process behind this?,2023-10-09 02:07:23
7,426,31,The micro-interactions are so smooth!,2024-01-13 19:18:05
8,340,36,Inspiring work! Would love to collaborate.,2023-12-25 08:17:43
9,336,32,How did you achieve this effect?,2024-12-09 19:25:36
10,252,29,Love this! 🔥,2023-04-20 12:58:48
11,424,50,Clean and minimal. Perfect! ✨,2024-04-29 15:40:16
12,368,29,How did you achieve this effect?,2024-06-11 14:59:27
13,55,49,Great use of color and typography.,2025-02-26 10:03:47
14,4,13,The micro-interactions are so smooth!,2024-10-22 11:04:23
15,379,2,The micro-interactions are so smooth!,2023-03-01 05:14:02
16,399,37,Great use of color and typography.,2023-07-05 15:50:41
17,1,9,How did you achieve this effect?,2024-06-23 14:57:20
18,22,19,Can you share the process behind this?,2023-09-03 11:22:21
19,52,16,How did you achieve this effect?,2023-12-30 08:04:14
20,57,40,How did you achieve this effect?,2025-01-16 11:33:08
21,437,9,Great use of color and typography.,2024-07-07 04:24:51
22,136,22,How did you achieve this effect?,2025-05-13 10:39:46
23,90,49,Love this! 🔥,2026-09-22 07:13:53
24,113,45,Love this! 🔥,2026-03-25 09:20:28
25,117,3,The micro-interactions are so smooth!,2023-03-11 04:40:19
26,66,49,Great use of color and typography.,2024-10-19 14:26:07
27,496,36,How did you achieve this effect?,2026-11-12 23:03:27
28,234,5,The micro-interactions are so smooth!,2025-10-23 02:58:30
29,499,29,Clean and minimal. Perfect! ✨,2023-06-19 01:15:14
30,280,28,How did you achieve this effect?,2023-08-23 21:02:15
31,128,38,Great use of color and typography.,2025-05-07 18:59:36
32,220,39,Great use of color and typography.,2024-05-19 12:22:14
33,83,12,Great use of color and typography.,2024-11-22 18:34:30
34,392,37,Inspiring work! Would love to collaborate.,2024-05-04 19:47:00
35,103,48,Inspiring work! Would love to collaborate.,2025-05-14 02:32:33
36,318,37,The micro-interactions are so smooth!,2024-04-11 09:58:07
37,27,27,Can you share the process behind this?,2023-10-06 04:44:36
38,500,5,Inspiring work! Would love to collaborate.,2025-07-23 05:31:54
39,424,13,The micro-interactions are so smooth!,2024-02-23 08:26:01
40,380,16,Love this! 🔥,2023-04-30 15:22:59
41,19,4,Great use of color and typography.,2026-08-16 04:19:44
42,483,14,Great use of color and typography.,2026-06-05 14:09:46
43,476,9,Can you share the process behind this?,2025-10-09 21:57:34
44,232,33,Great use of color and typography.,2025-06-27 17:36:55
45,48,12,The micro-interactions are so smooth!,2026-07-18 15:22:17
46,418,38,Clean and minimal. Perfect! ✨,2025-01-07 20:15:49
47,476,7,The micro-interactions are so smooth!,2025-02-16 22:37:53
48,112,37,Inspiring work! Would love to collaborate.,2026-10-30 16:13:20
49,151,33,Great use of color and typography.,2024-05-17 15:15:21
50,232,27,Clean and minimal. Perfect! ✨,2026-03-24 13:13:04
51,140,18,How did you achieve this effect?,2026-03-24 23:06:18
52,454,19,The micro-interactions are so smooth!,2024-04-27 12:57:21
53,98,12,The micro-interactions are so smooth!,2024-01-18 22:56:11
54,49,18,How did you achieve this effect?,2023-04-23 20:35:42
55,359,4,Inspiring work! Would love to collaborate.,2024-03-18 22:15:53
56,323,9,How did you achieve this effect?,2023-02-24 14:15:50
57,415,33,Can you share the process behind this?,2026-12-16 09:56:17
58,281,3,The micro-interactions are so smooth!,2024-05-01 05:39:23
59,339,1,Love this! 🔥,2023-01-20 06:15:14
60,273,43,The micro-interactions are so smooth!,2024-01-20 08:51:49
61,490,7,Can you share the process behind this?,2026-08-29 06:48:01
62,279,24,Love this! 🔥,2023-09-10 16:27:39
63,423,47,Inspiring work! Would love to collaborate.,2023-07-17 02:57:54
64,129,49,The micro-interactions are so smooth!,2026-02-14 11:53:00
65,190,30,Inspiring work! Would love to collaborate.,2026-06-24 10:34:50
66,339,38,Inspiring work! Would love to collaborate.,2026-07-13 14:46:27
67,106,6,Can you share the process behind this?,2023-01-07 22:21:27
68,31,11,Can you share the process behind this?,2024-08-07 15:52:27
69,109,6,Clean and minimal. Perfect! ✨,2026-05-14 08:40:47
70,38,35,Great use of color and typography.,2024-01-02 04:24:00
71,106,18,Clean and minimal. Perfect! ✨,2026-10-05 00:56:44
72,72,24,Inspiring work! Would love to collaborate.,2025-07-19 19:05:23
73,220,5,Can you share the process behind this?,2023-05-21 01:21:49
74,380,15,Inspiring work! Would love to collaborate.,2023-04-09 17:43:25
75,305,14,Clean and minimal. Perfect! ✨,2023-05-02 22:40:31
76,325,49,Can you share the process behind this?,2024-03-14 05:57:14
77,328,19,Clean and minimal. Perfect! ✨,2023-08-16 16:05:43
78,110,34,How did you achieve this effect?,2024-05-10 12:25:56
79,39,45,Great use of color and typography.,2023-07-10 12:19:26
80,214,32,Clean and minimal. Perfect! ✨,2026-12-21 03:17:03
81,82,17,How did you achieve this effect?,2026-06-11 01:49:40
82,76,14,Great use of color and typography.,2026-12-19 17:26:14
83,238,10,Great use of color and typography.,2025-09-04 06:07:37
84,245,33,Clean and minimal. Perfect! ✨,2024-12-11 04:43:19
85,337,21,Love this! 🔥,2023-04-06 07:11:39
86,432,50,Inspiring work! Would love to collaborate.,2024-07-18 15:29:06
87,385,7,The micro-interactions are so smooth!,2025-10-29 01:57:41
88,422,45,How did you achieve this effect?,2024-12-04 02:20:15
89,268,46,Love this! 🔥,2026-12-29 14:23:43
90,474,31,The micro-interactions are so smooth!,2024-06-22 02:10:53
91,333,4,The micro-interactions are so smooth!,2026-10-08 23:25:19
92,248,31,Clean and minimal. Perfect! ✨,2023-11-06 11:54:42
93,233,11,Love this! 🔥,2025-04-08 18:22:19
94,256,24,The micro-interactions are so smooth!,2025-08-11 22:49:53
95,385,30,The micro-interactions are so smooth!,2024-10-10 07:31:57
96,111,7,How did you achieve this effect?,2026-10-16 18:00:19
97,185,2,Love this! 🔥,2025-07-28 06:29:24
98,146,41,Inspiring work! Would love to collaborate.,2024-09-23 22:41:36
99,201,26,Love this! 🔥,2025-03-03 07:04:08
100,445,41,The micro-interactions are so smooth!,2025-08-18 09:27:14
101,188,43,The micro-interactions are so smooth!,2026-04-24 19:27:35
102,255,42,The micro-interactions are so smooth!,2025-05-20 20:18:40
103,209,7,Great use of color and typography.,2023-01-12 09:31:10
104,257,29,How did you achieve this effect?,2024-07-23 04:00:26
105,462,3,Can you share the process behind this?,2023-03-04 01:36:39
106,320,10,Inspiring work! Would love to collaborate.,2025-06-27 04:00:06
107,229,42,How did you achieve this effect?,2024-08-03 22:55:58
108,381,1,Clean and minimal. Perfect! ✨,2024-11-18 07:46:17
109,157,31,Clean and minimal. Perfect! ✨,2023-08-20 14:06:15
110,234,29,Great use of color and typography.,2025-08-14 08:10:57
111,30,48,Clean and minimal. Perfect! ✨,2024-04-04 22:41:54
112,470,7,Inspiring work! Would love to collaborate.,2024-11-18 19:44:46
113,18,20,The micro-interactions are so smooth!,2023-04-26 23:04:59
114,224,25,The micro-interactions are so smooth!,2024-04-18 04:20:43
115,88,29,Can you share the process behind this?,2026-10-09 01:14:31
116,134,24,Clean and minimal. Perfect! ✨,2025-11-13 01:54:14
117,456,24,Love this! 🔥,2023-01-13 08:54:11
118,61,12,Can you share the process behind this?,2026-11-24 00:27:08
119,201,47,Great use of color and typography.,2024-10-09 07:22:35
120,308,3,Clean and minimal. Perfect! ✨,2025-04-06 13:54:22
121,434,43,Can you share the process behind this?,2024-01-28 02:52:24
122,185,40,Great use of color and typography.,2023-03-26 06:05:01
123,352,4,The micro-interactions are so smooth!,2024-04-22 01:39:51
124,210,6,How did you achieve this effect?,2024-07-12 00:56:02
125,146,24,Inspiring work! Would love to collaborate.,2024-08-24 06:14:29
126,454,33,Love this! 🔥,2026-08-01 07:48:08
127,69,44,Can you share the process behind this?,2023-10-24 03:14:49
128,480,3,Clean and minimal. Perfect! ✨,2023-12-02 03:40:00
129,42,13,Great use of color and typography.,2025-01-07 22:59:44
130,225,7,The micro-interactions are so smooth!,2025-06-13 08:01:38
131,84,12,Love this! 🔥,2025-04-13 05:39:48
132,259,44,The micro-interactions are so smooth!,2026-04-02 19:43:24
133,5,4,Inspiring work! Would love to collaborate.,2023-12-05 11:43:10
134,122,37,Inspiring work! Would love to collaborate.,2023-05-06 17:04:38
135,309,29,The micro-interactions are so smooth!,2023-07-21 17:16:23
136,461,25,Can you share the process behind this?,2024-05-20 01:41:57
137,348,6,How did you achieve this effect?,2023-11-02 11:11:07
138,163,38,Can you share the process behind this?,2023-03-26 13:51:06
139,126,1,Clean and minimal. Perfect! ✨,2023-06-22 01:10:28
140,162,19,Clean and minimal. Perfect! ✨,2023-04-11 21:52:16
141,361,10,The micro-interactions are so smooth!,2026-08-10 09:45:43
142,7,23,How did you achieve this effect?,2024-06-28 09:07:25
143,278,35,Inspiring work! Would love to collaborate.,2025-04-18 19:06:46
144,225,17,How did you achieve this effect?,2024-12-17 09:12:16
145,314,15,Clean and minimal. Perfect! ✨,2026-08-30 01:22:55
146,463,10,Inspiring work! Would love to collaborate.,2024-05-22 02:01:33
147,3,7,Clean and minimal. Perfect! ✨,2023-06-15 04:24:15
148,418,36,The micro-interactions are so smooth!,2023-11-21 15:28:45
149,352,13,The micro-interactions are so smooth!,2023-07-24 11:54:45
150,188,16,Clean and minimal. Perfect! ✨,2025-10-30 07:32:30
151,138,21,Can you share the process behind this?,2024-06-01 06:56:19
152,67,6,Great use of color and typography.,2024-09-09 03:59:49
153,320,39,Clean and minimal. Perfect! ✨,2023-02-26 22:40:12
154,239,35,Great use of color and typography.,2023-06-07 18:28:29
155,301,35,Clean and minimal. Perfect! ✨,2024-06-28 14:11:20
156,164,41,The micro-interactions are so smooth!,2025-01-11 00:32:31
157,242,33,Great use of color and typography.,2025-12-09 05:49:39
158,421,2,Inspiring work! Would love to collaborate.,2024-05-24 07:00:41
159,460,38,Clean and minimal. Perfect! ✨,2023-04-29 07:55:58
160,296,46,Clean and minimal. Perfect! ✨,2023-05-22 11:33:59
161,226,8,Great use of color and typography.,2025-10-29 13:23:28
162,264,31,Clean and minimal. Perfect! ✨,2026-07-03 15:56:51
163,322,37,Can you share the process behind this?,2025-11-30 00:09:02
164,460,35,Great use of color and typography.,2023-06-27 22:23:08
165,272,45,How did you achieve this effect?,2023-05-24 01:40:27
166,58,9,Inspiring work! Would love to collaborate.,2026-01-07 19:49:24
167,93,38,Clean and minimal. Perfect! ✨,2023-05-10 20:21:02
168,129,11,Inspiring work! Would love to collaborate.,2026-09-19 06:42:35
169,241,49,Can you share the process behind this?,2024-07-27 07:16:54
170,291,42,Great use of color and typography.,2025-05-31 17:06:27
171,322,45,Inspiring work! Would love to collaborate.,2025-07-02 05:57:41
172,65,23,How did you achieve this effect?,2023-04-09 11:22:21
173,93,28,Clean and minimal. Perfect! ✨,2024-11-12 17:07:55
174,216,31,The micro-interactions are so smooth!,2023-02-13 14:59:48
175,453,4,The micro-interactions are so smooth!,2026-08-31 09:21:51
176,13,8,Inspiring work! Would love to collaborate.,2026-03-27 04:35:24
177,28,28,Inspiring work! Would love to collaborate.,2026-08-20 04:14:17
178,491,19,Great use of color and typography.,2026-08-02 13:43:36
179,69,31,Inspiring work! Would love to collaborate.,2024-10-24 17:47:04
180,381,1,The micro-interactions are so smooth!,2024-03-06 18:01:34
181,427,24,Clean and minimal. Perfect! ✨,2026-10-07 09:37:08
182,350,4,Love this! 🔥,2023-07-05 14:54:58
183,106,34,Great use of color and typography.,2026-11-08 00:23:24
184,352,44,Can you share the process behind this?,2024-09-27 17:04:51
185,255,6,The micro-interactions are so smooth!,2026-01-25 02:25:34
186,125,35,Inspiring work! Would love to collaborate.,2026-10-06 04:42:13
187,167,14,Can you share the process behind this?,2023-10-25 17:07:12
188,119,49,Love this! 🔥,2025-07-25 06:46:20
189,333,34,How did you achieve this effect?,2023-03-27 11:08:20
190,176,28,The micro-interactions are so smooth!,2023-02-18 02:23:51
191,151,35,How did you achieve this effect?,2026-10-17 21:14:34
192,432,19,Clean and minimal. Perfect! ✨,2023-07-09 10:50:04
193,152,16,Can you share the process behind this?,2026-10-27 23:57:16
194,233,38,How did you achieve this effect?,2025-08-27 19:34:54
195,361,14,Clean and minimal. Perfect! ✨,2026-10-07 12:47:56
196,434,11,Great use of color and typography.,2026-08-30 08:26:36
197,40,43,The micro-interactions are so smooth!,2024-04-20 01:11:01
198,416,36,Great use of color and typography.,2026-09-12 11:22:11
199,137,50,Inspiring work! Would love to collaborate.,2026-05-13 20:31:59
200,315,47,Great use of color and typography.,2023-02-09 15:54:37
201,91,32,Can you share the process behind this?,2026-08-25 19:42:51
202,198,11,Inspiring work! Would love to collaborate.,2025-01-08 22:43:40
203,498,20,The micro-interactions are so smooth!,2026-12-09 15:10:10
204,408,10,Great use of color and typography.,2026-04-22 18:11:45
205,490,26,Love this! 🔥,2026-10-17 01:19:54
206,226,39,Great use of color and typography.,2023-02-24 19:24:46
207,141,17,Inspiring work! Would love to collaborate.,2026-05-24 16:21:02
208,439,48,The micro-interactions are so smooth!,2025-02-13 17:07:43
209,17,45,The micro-interactions are so smooth!,2026-07-04 18:36:11
210,368,12,Can you share the process behind this?,2025-04-18 18:52:36
211,402,15,How did you achieve this effect?,2025-08-08 08:25:44
212,411,7,Great use of color and typography.,2023-01-29 07:46:34
213,393,47,The micro-interactions are so smooth!,2023-10-09 05:36:39
214,74,50,Great use of color and typography.,2024-02-17 00:24:11
215,183,5,Great use of color and typography.,2023-11-23 04:33:25
216,464,47,Great use of color and typography.,2024-12-18 13:39:30
217,302,26,Can you share the process behind this?,2023-02-04 03:17:11
218,93,46,Inspiring work! Would love to collaborate.,2023-08-03 11:36:40
219,450,19,Clean and minimal. Perfect! ✨,2025-08-06 22:54:50
220,305,28,Can you share the process behind this?,2026-07-03 21:05:10
221,439,19,Great use of color and typography.,2025-12-24 01:51:46
222,37,41,How did you achieve this effect?,2026-02-26 20:24:11
223,73,37,The micro-interactions are so smooth!,2023-12-06 10:33:35
224,146,49,Great use of color and typography.,2026-03-26 09:55:27
225,317,49,Clean and minimal. Perfect! ✨,2023-12-02 00:17:03
226,40,2,How did you achieve this effect?,2025-10-25 06:53:20
227,122,13,Love this! 🔥,2025-04-22 13:30:56
228,150,29,Can you share the process behind this?,2024-08-14 08:03:26
229,270,42,Clean and minimal. Perfect! ✨,2024-06-06 03:26:37
230,141,33,Inspiring work! Would love to collaborate.,2026-05-09 08:07:51
231,115,28,Love this! 🔥,2025-12-14 02:28:50
232,491,23,Great use of color and typography.,2025-10-02 01:40:37
233,105,23,How did you achieve this effect?,2025-03-12 14:27:27
234,126,25,The micro-interactions are so smooth!,2026-01-29 04:14:05
235,210,10,Love this! 🔥,2025-09-16 12:13:34
236,364,7,Clean and minimal. Perfect! ✨,2025-10-18 17:52:38
237,467,11,Love this! 🔥,2025-06-13 09:39:17
238,481,8,Love this! 🔥,2023-11-28 09:02:36
239,247,18,How did you achieve this effect?,2025-06-23 12:46:27
240,17,30,The micro-interactions are so smooth!,2023-05-26 18:55:32
241,97,12,Great use of color and typography.,2026-09-15 03:57:01
242,109,31,Inspiring work! Would love to collaborate.,2026-03-20 20:44:04
243,178,19,Love this! 🔥,2023-09-19 03:16:55
244,461,46,The micro-interactions are so smooth!,2023-06-24 05:53:15
245,354,8,Clean and minimal. Perfect! ✨,2024-08-24 00:04:31
246,447,36,How did you achieve this effect?,2024-11-10 04:40:59
247,318,43,Great use of color and typography.,2024-06-28 13:16:45
248,270,32,Love this! 🔥,2024-05-12 09:23:44
249,390,5,Love this! 🔥,2023-09-01 01:04:37
250,157,39,Love this! 🔥,2025-04-29 06:21:23
251,284,19,How did you achieve this effect?,2026-07-05 22:34:13
252,12,49,Clean and minimal. Perfect! ✨,2024-08-11 22:09:45
253,298,15,How did you achieve this effect?,2023-08-28 06:35:26
254,495,10,Love this! 🔥,2024-03-29 14:54:03
255,110,17,The micro-interactions are so smooth!,2024-08-19 00:43:21
256,438,50,Love this! 🔥,2023-07-31 11:09:09
257,348,6,Great use of color and typography.,2023-03-26 07:35:09
258,173,25,Clean and minimal. Perfect! ✨,2024-07-09 01:55:19
259,156,7,How did you achieve this effect?,2026-07-17 03:15:37
260,96,12,Inspiring work! Would love to collaborate.,2026-12-28 00:38:55
261,183,41,Love this! 🔥,2026-08-21 15:58:24
262,340,6,Clean and minimal. Perfect! ✨,2024-03-29 22:45:47
263,357,4,Inspiring work! Would love to collaborate.,2026-07-08 01:39:31
264,22,42,Inspiring work! Would love to collaborate.,2026-07-23 08:18:27
265,408,2,Inspiring work! Would love to collaborate.,2024-05-13 13:06:05
266,369,22,Can you share the process behind this?,2026-07-14 13:44:01
267,2,48,Can you share the process behind this?,2024-05-25 20:39:20
268,204,42,Great use of color and typography.,2026-10-07 22:50:03
269,209,43,Great use of color and typography.,2024-07-25 07:54:04
270,482,37,Can you share the process behind this?,2023-02-21 23:10:02
271,12,27,Can you share the process behind this?,2025-05-30 14:30:44
272,458,7,Clean and minimal. Perfect! ✨,2026-05-23 05:14:25
273,14,4,Love this! 🔥,2023-12-20 19:27:28
274,458,26,Love this! 🔥,2026-10-27 20:19:24
275,206,10,Inspiring work! Would love to collaborate.,2024-03-27 23:22:01
276,416,24,Love this! 🔥,2026-12-20 16:36:12
277,107,8,Clean and minimal. Perfect! ✨,2024-10-12 05:28:24
278,160,3,How did you achieve this effect?,2023-05-01 16:23:54
279,451,3,Love this! 🔥,2024-03-06 12:17:38
280,100,28,Inspiring work! Would love to collaborate.,2023-08-23 15:34:46
281,69,34,Great use of color and typography.,2025-04-29 00:11:22
282,453,1,Clean and minimal. Perfect! ✨,2024-09-30 15:54:52
283,166,20,How did you achieve this effect?,2026-10-24 06:59:29
284,180,23,Clean and minimal. Perfect! ✨,2025-09-29 11:48:57
285,461,23,Great use of color and typography.,2023-10-15 00:37:25
286,15,33,Great use of color and typography.,2024-02-20 19:57:52
287,281,47,Inspiring work! Would love to collaborate.,2025-05-24 19:07:57
288,45,29,Inspiring work! Would love to collaborate.,2024-12-31 03:04:27
289,328,22,The micro-interactions are so smooth!,2023-08-13 07:06:12
290,274,23,How did you achieve this effect?,2025-11-05 17:05:18
291,416,48,Great use of color and typography.,2025-03-31 08:28:16
292,142,11,Clean and minimal. Perfect! ✨,2026-11-22 15:20:18
293,370,5,Inspiring work! Would love to collaborate.,2024-07-05 23:35:31
294,340,47,The micro-interactions are so smooth!,2025-06-03 06:36:58
295,356,45,The micro-interactions are so smooth!,2026-01-14 16:34:13
296,306,22,How did you achieve this effect?,2026-05-19 22:37:33
297,468,31,Love this! 🔥,2023-07-18 22:52:56
298,377,49,How did you achieve this effect?,2026-07-19 23:48:01
299,230,25,Love this! 🔥,2024-07-23 21:59:58
300,73,40,Great use of color and typography.,2025-08-29 13:00:01
301,469,26,Can you share the process behind this?,2025-07-13 07:11:33
302,143,43,Love this! 🔥,2023-08-29 16:45:39
303,77,8,Clean and minimal. Perfect! ✨,2025-09-29 02:29:52
304,468,38,Love this! 🔥,2023-05-07 02:45:40
305,452,39,How did you achieve this effect?,2024-07-26 21:23:36
306,50,28,Inspiring work! Would love to collaborate.,2026-02-06 07:58:55
307,293,8,Clean and minimal. Perfect! ✨,2026-04-04 11:39:09
308,242,19,Love this! 🔥,2023-03-11 00:29:04
309,31,27,Clean and minimal. Perfect! ✨,2023-08-02 07:46:39
310,471,17,Clean and minimal. Perfect! ✨,2023-11-26 20:45:03
311,73,42,How did you achieve this effect?,2026-12-28 20:50:57
312,326,48,Great use of color and typography.,2023-05-02 21:25:32
313,324,34,Clean and minimal. Perfect! ✨,2025-11-22 01:30:41
314,60,2,Can you share the process behind this?,2023-07-17 03:53:58
315,365,40,Clean and minimal. Perfect! ✨,2025-12-17 21:30:37
316,366,18,Great use of color and typography.,2024-04-26 21:05:46
317,361,46,Clean and minimal. Perfect! ✨,2023-11-11 08:20:10
318,397,4,Inspiring work! Would love to collaborate.,2024-11-16 12:42:56
319,295,21,The micro-interactions are so smooth!,2025-11-13 05:58:38
320,244,1,Great use of color and typography.,2023-06-02 05:53:43
321,61,49,Great use of color and typography.,2024-01-08 03:08:18
322,210,34,The micro-interactions are so smooth!,2023-06-21 08:02:45
323,489,4,Love this! 🔥,2025-11-07 22:46:24
324,341,20,Inspiring work! Would love to collaborate.,2023-04-28 20:20:42
325,451,9,Love this! 🔥,2023-12-05 21:48:42
326,445,48,Love this! 🔥,2025-03-13 21:00:28
327,400,50,Can you share the process behind this?,2024-03-15 21:07:07
328,206,49,Inspiring work! Would love to collaborate.,2023-08-12 08:33:40
329,387,48,Great use of color and typography.,2026-10-07 08:10:56
330,241,37,How did you achieve this effect?,2024-11-22 12:42:55
331,478,41,Can you share the process behind this?,2023-06-02 08:11:57
332,366,25,Great use of color and typography.,2023-07-13 06:54:00
333,211,3,How did you achieve this effect?,2024-12-02 06:42:18
334,51,43,Can you share the process behind this?,2025-03-08 03:35:54
335,258,12,Clean and minimal. Perfect! ✨,2026-05-27 03:33:15
336,472,17,Clean and minimal. Perfect! ✨,2024-01-08 19:55:14
337,70,42,Love this! 🔥,2026-03-09 12:20:16
338,126,24,Inspiring work! Would love to collaborate.,2026-10-31 09:15:27
339,352,47,Can you share the process behind this?,2024-01-20 12:00:53
340,294,31,Inspiring work! Would love to collaborate.,2025-12-12 11:24:07
341,461,14,How did you achieve this effect?,2023-06-07 12:38:29
342,476,24,Great use of color and typography.,2023-02-22 17:09:05
343,62,47,Clean and minimal. Perfect! ✨,2024-12-18 02:27:40
344,331,29,The micro-interactions are so smooth!,2026-06-28 22:14:27
345,324,10,Love this! 🔥,2025-11-24 22:39:26
346,96,28,How did you achieve this effect?,2026-02-02 02:46:07
347,145,47,The micro-interactions are so smooth!,2025-12-28 16:51:25
348,20,2,Can you share the process behind this?,2025-11-06 23:51:12
349,72,44,Inspiring work! Would love to collaborate.,2024-01-10 02:22:04
350,315,44,Love this! 🔥,2026-07-28 05:51:55
351,155,32,Inspiring work! Would love to collaborate.,2024-01-29 10:29:23
352,176,24,The micro-interactions are so smooth!,2025-07-04 15:16:18
353,495,2,How did you achieve this effect?,2026-06-26 13:49:59
354,71,3,How did you achieve this effect?,2024-05-30 00:17:03
355,466,5,The micro-interactions are so smooth!,2023-01-13 08:50:16
356,425,12,How did you achieve this effect?,2023-05-16 03:18:59
357,349,16,Can you share the process behind this?,2024-08-17 21:15:54
358,308,16,Inspiring work! Would love to collaborate.,2026-11-09 20:39:44
359,485,10,Clean and minimal. Perfect! ✨,2024-02-08 17:55:09
360,201,9,How did you achieve this effect?,2024-04-18 15:35:30
361,15,12,Great use of color and typography.,2024-12-06 20:51:51
362,14,14,How did you achieve this effect?,2026-05-13 09:41:09
363,200,33,Clean and minimal. Perfect! ✨,2025-06-29 09:00:29
364,213,11,The micro-interactions are so smooth!,2023-11-01 20:18:30
365,103,37,Clean and minimal. Perfect! ✨,2023-06-28 09:17:29
366,337,17,How did you achieve this effect?,2026-10-26 04:06:37
367,73,20,Clean and minimal. Perfect! ✨,2023-05-04 14:56:29
368,5,48,Clean and minimal. Perfect! ✨,2024-04-18 03:40:10
369,163,24,Clean and minimal. Perfect! ✨,2024-09-12 23:52:38
370,174,29,Love this! 🔥,2026-11-21 10:38:14
371,263,22,Can you share the process behind this?,2026-06-09 12:17:07
372,383,2,Love this! 🔥,2024-03-06 05:59:45
373,57,23,Love this! 🔥,2023-05-08 23:16:02
374,125,21,Clean and minimal. Perfect! ✨,2024-09-11 04:29:50
375,468,35,Love this! 🔥,2024-09-09 08:34:50
376,110,1,The micro-interactions are so smooth!,2024-06-05 12:43:55
377,254,17,Great use of color and typography.,2024-10-13 10:23:21
378,67,27,Love this! 🔥,2024-10-25 08:41:07
379,99,19,The micro-interactions are so smooth!,2024-10-18 06:24:30
380,365,40,Can you share the process behind this?,2023-11-23 04:45:25
381,63,34,Clean and minimal. Perfect! ✨,2024-05-17 18:13:56
382,11,1,Can you share the process behind this?,2026-06-11 05:10:04
383,113,9,Love this! 🔥,2026-01-17 07:23:35
384,130,18,Inspiring work! Would love to collaborate.,2024-09-16 17:07:23
385,427,24,How did you achieve this effect?,2023-11-07 06:35:37
386,368,15,Inspiring work! Would love to collaborate.,2025-08-31 10:16:24
387,175,20,Can you share the process behind this?,2025-06-07 00:08:50
388,148,6,Inspiring work! Would love to collaborate.,2026-06-30 12:41:52
389,213,14,The micro-interactions are so smooth!,2024-05-26 06:36:28
390,398,50,Clean and minimal. Perfect! ✨,2025-10-03 03:39:56
391,148,28,Clean and minimal. Perfect! ✨,2023-05-11 09:10:01
392,62,10,How did you achieve this effect?,2024-01-28 03:13:32
393,306,13,Can you share the process behind this?,2024-11-03 20:42:54
394,394,10,Clean and minimal. Perfect! ✨,2024-03-15 14:17:46
395,348,24,Love this! 🔥,2024-12-23 08:03:30
396,442,48,Inspiring work! Would love to collaborate.,2023-04-26 11:45:48
397,252,21,How did you achieve this effect?,2025-07-11 20:55:28
398,156,32,Clean and minimal. Perfect! ✨,2025-02-12 00:25:41
399,228,11,How did you achieve this effect?,2025-08-03 16:59:24
400,110,45,Can you share the process behind this?,2025-03-23 00:48:40
401,204,32,Love this! 🔥,2023-12-27 15:22:56
402,459,45,Inspiring work! Would love to collaborate.,2023-03-16 02:58:19
403,181,34,Clean and minimal. Perfect! ✨,2023-05-25 02:37:15
404,22,28,How did you achieve this effect?,2024-05-15 11:50:01
405,421,11,Inspiring work! Would love to collaborate.,2024-10-01 01:31:23
406,169,43,The micro-interactions are so smooth!,2025-11-24 07:47:25
407,235,23,How did you achieve this effect?,2025-03-20 12:06:54
408,443,7,The micro-interactions are so smooth!,2023-11-23 12:21:50
409,95,37,How did you achieve this effect?,2024-12-26 15:39:36
410,457,50,Clean and minimal. Perfect! ✨,2024-06-13 22:41:44
411,331,38,The micro-interactions are so smooth!,2025-08-24 12:47:18
412,104,23,Inspiring work! Would love to collaborate.,2025-05-16 20:06:23
413,88,33,Can you share the process behind this?,2024-03-16 14:28:16
414,329,5,Inspiring work! Would love to collaborate.,2025-12-26 07:51:51
415,424,1,Great use of color and typography.,2025-02-22 00:04:15
416,387,35,How did you achieve this effect?,2023-04-20 17:14:35
417,9,33,How did you achieve this effect?,2023-09-18 05:17:43
418,77,12,Can you share the process behind this?,2026-07-08 13:45:27
419,326,22,How did you achieve this effect?,2023-07-15 15:30:40
420,49,47,Inspiring work! Would love to collaborate.,2024-06-02 11:26:30
421,201,28,How did you achieve this effect?,2025-10-27 16:07:00
422,45,31,Can you share the process behind this?,2026-12-25 06:48:39
423,232,50,Love this! 🔥,2026-05-09 02:56:47
424,191,29,Great use of color and typography.,2025-08-12 05:27:53
425,254,39,Inspiring work! Would love to collaborate.,2023-06-29 10:44:32
426,141,45,How did you achieve this effect?,2024-08-26 00:43:33
427,17,38,Clean and minimal. Perfect! ✨,2023-09-03 07:31:19
428,442,12,The micro-interactions are so smooth!,2024-04-03 22:10:47
429,291,44,Clean and minimal. Perfect! ✨,2023-10-08 07:03:31
430,122,7,Clean and minimal. Perfect! ✨,2026-08-05 00:38:55
431,119,6,How did you achieve this effect?,2023-03-09 20:06:18
432,145,34,Inspiring work! Would love to collaborate.,2024-05-20 00:43:20
433,79,38,Love this! 🔥,2026-04-16 08:04:48
434,237,29,Great use of color and typography.,2026-10-24 21:33:28
435,318,35,Clean and minimal. Perfect! ✨,2025-08-17 15:15:24
436,134,42,Great use of color and typography.,2026-12-06 07:58:17
437,240,33,Can you share the process behind this?,2024-07-12 22:33:30
438,17,23,Clean and minimal. Perfect! ✨,2025-09-21 22:37:16
439,34,28,Can you share the process behind this?,2024-12-15 06:03:24
440,286,13,How did you achieve this effect?,2024-10-23 16:51:03
441,181,41,Clean and minimal. Perfect! ✨,2025-02-18 00:26:51
442,139,43,Great use of color and typography.,2026-09-14 09:18:00
443,192,15,Clean and minimal. Perfect! ✨,2026-02-13 13:18:00
444,159,20,Inspiring work! Would love to collaborate.,2026-07-26 15:29:18
445,445,26,The micro-interactions are so smooth!,2023-11-03 00:53:02
446,109,31,The micro-interactions are so smooth!,2025-05-30 16:53:28
447,395,49,Can you share the process behind this?,2025-10-17 14:21:59
448,358,35,Can you share the process behind this?,2024-04-21 01:01:08
449,429,7,Inspiring work! Would love to collaborate.,2024-02-03 10:48:51
450,24,39,Can you share the process behind this?,2025-10-28 02:39:31
451,184,41,Can you share the process behind this?,2023-07-04 08:49:43
452,15,20,Clean and minimal. Perfect! ✨,2023-11-17 21:14:11
453,6,10,Great use of color and typography.,2025-10-06 14:07:27
454,146,44,Love this! 🔥,2025-09-02 21:18:46
455,91,18,How did you achieve this effect?,2026-03-18 05:20:57
456,413,16,Clean and minimal. Perfect! ✨,2025-02-18 21:49:18
457,410,3,The micro-interactions are so smooth!,2026-01-03 19:21:54
458,290,19,Great use of color and typography.,2026-08-20 20:45:08
459,450,32,Can you share the process behind this?,2026-10-10 10:22:52
460,357,8,Great use of color and typography.,2024-08-04 02:36:20
461,295,34,Love this! 🔥,2026-02-04 20:33:39
462,500,14,Inspiring work! Would love to collaborate.,2023-11-23 08:17:22
463,247,43,The micro-interactions are so smooth!,2026-09-12 17:54:17
464,187,27,Can you share the process behind this?,2026-10-17 19:42:51
465,312,6,Clean and minimal. Perfect! ✨,2024-01-15 11:52:13
466,318,34,Can you share the process behind this?,2023-03-23 21:22:54
467,373,13,Great use of color and typography.,2025-07-31 05:31:43
468,453,35,Clean and minimal. Perfect! ✨,2026-11-14 13:44:48
469,11,18,How did you achieve this effect?,2023-07-12 17:39:46
470,228,15,Great use of color and typography.,2026-01-11 05:47:37
471,274,20,Love this! 🔥,2025-11-30 20:06:20
472,77,12,How did you achieve this effect?,2026-04-21 17:50:48
473,52,1,Clean and minimal. Perfect! ✨,2026-10-30 18:19:58
474,278,44,Can you share the process behind this?,2026-02-06 06:51:24
475,178,47,Inspiring work! Would love to collaborate.,2023-12-26 22:20:40
476,66,6,Inspiring work! Would love to collaborate.,2025-02-27 08:33:26
477,496,23,Love this! 🔥,2023-10-18 06:36:06
478,313,11,Inspiring work! Would love to collaborate.,2024-04-06 22:04:43
479,209,10,Clean and minimal. Perfect! ✨,2023-04-16 02:08:44
480,342,34,The micro-interactions are so smooth!,2025-09-14 17:09:12
481,132,13,How did you achieve this effect?,2023-01-02 15:12:43
482,222,20,Inspiring work! Would love to collaborate.,2026-06-25 19:33:15
483,481,37,Clean and minimal. Perfect! ✨,2024-01-28 08:27:55
484,130,38,Great use of color and typography.,2026-01-22 18:52:11
485,454,14,How did you achieve this effect?,2025-11-28 10:00:45
486,332,15,Clean and minimal. Perfect! ✨,2023-06-02 20:26:19
487,292,27,Inspiring work! Would love to collaborate.,2024-11-08 09:51:38
488,321,37,The micro-interactions are so smooth!,2023-08-31 19:55:45
489,236,8,Clean and minimal. Perfect! ✨,2026-04-02 17:43:09
490,458,14,Inspiring work! Would love to collaborate.,2025-10-10 23:53:56
491,296,11,Love this! 🔥,2026-08-04 09:27:05
492,307,5,How did you achieve this effect?,2025-03-24 19:04:09
493,336,34,Inspiring work! Would love to collaborate.,2024-02-16 10:40:31
494,230,48,Inspiring work! Would love to collaborate.,2026-05-02 15:16:46
495,381,36,How did you achieve this effect?,2026-05-30 19:32:00
496,217,3,Great use of color and typography.,2026-10-03 10:31:21
497,82,4,Great use of color and typography.,2023-05-19 08:37:56
498,276,26,How did you achieve this effect?,2025-12-26 17:45:12
499,467,25,Can you share the process behind this?,2023-05-01 06:14:09
500,351,30,Can you share the process behind this?,2024-07-22 00:08:43
501,341,49,Clean and minimal. Perfect! ✨,2023-10-14 20:00:30
502,293,14,Can you share the process behind this?,2024-07-29 19:45:00
503,224,44,Clean and minimal. Perfect! ✨,2025-02-17 03:01:17
504,154,46,The micro-interactions are so smooth!,2025-08-16 04:23:21
505,89,2,The micro-interactions are so smooth!,2026-07-04 22:46:40
506,466,11,Inspiring work! Would love to collaborate.,2025-06-11 03:01:04
507,106,32,Can you share the process behind this?,2023-08-25 22:56:05
508,490,16,Inspiring work! Would love to collaborate.,2023-05-05 12:49:48
509,149,26,Can you share the process behind this?,2025-11-28 05:30:29
510,477,12,The micro-interactions are so smooth!,2023-08-28 20:03:15
511,4,20,Love this! 🔥,2025-01-27 10:40:12
512,293,12,Inspiring work! Would love to collaborate.,2025-05-17 00:37:39
513,213,40,Great use of color and typography.,2024-07-17 21:51:35
514,1,45,How did you achieve this effect?,2025-02-06 22:18:39
515,192,48,Inspiring work! Would love to collaborate.,2025-08-18 23:14:24
516,381,36,Can you share the process behind this?,2024-10-15 22:16:55
517,61,45,Inspiring work! Would love to collaborate.,2023-11-05 02:32:36
518,47,9,The micro-interactions are so smooth!,2024-12-13 09:40:06
519,248,33,Clean and minimal. Perfect! ✨,2023-05-26 16:17:51
520,234,34,The micro-interactions are so smooth!,2026-12-23 07:58:41
521,433,49,Clean and minimal. Perfect! ✨,2025-07-05 21:40:52
522,105,24,Love this! 🔥,2025-10-07 15:23:50
523,55,15,How did you achieve this effect?,2024-01-28 09:31:10
524,261,28,The micro-interactions are so smooth!,2025-11-06 13:20:24
525,345,26,Love this! 🔥,2024-04-18 18:54:22
526,213,4,The micro-interactions are so smooth!,2025-01-16 23:14:24
527,133,49,Clean and minimal. Perfect! ✨,2023-03-24 13:42:10
528,326,23,The micro-interactions are so smooth!,2023-09-25 03:46:17
529,311,48,The micro-interactions are so smooth!,2024-06-24 20:28:21
530,461,25,Clean and minimal. Perfect! ✨,2023-01-04 06:06:31
531,188,34,Can you share the process behind this?,2024-12-01 13:38:15
532,182,15,The micro-interactions are so smooth!,2023-12-09 14:55:17
533,414,12,Can you share the process behind this?,2026-12-21 09:12:30
534,261,17,Great use of color and typography.,2026-04-01 11:01:08
535,439,9,Love this! 🔥,2023-07-02 21:00:00
536,224,34,Clean and minimal. Perfect! ✨,2024-04-13 19:52:32
537,447,47,Clean and minimal. Perfect! ✨,2023-05-24 22:51:15
538,48,15,Great use of color and typography.,2025-04-07 08:27:29
539,492,33,Clean and minimal. Perfect! ✨,2024-06-29 05:26:39
540,231,49,Love this! 🔥,2026-11-17 15:47:10
541,295,26,Inspiring work! Would love to collaborate.,2023-04-12 04:26:03
542,340,17,Inspiring work! Would love to collaborate.,2024-07-03 23:45:47
543,444,38,Love this! 🔥,2025-05-12 22:37:28
544,213,3,The micro-interactions are so smooth!,2023-09-07 20:16:41
545,76,42,Can you share the process behind this?,2024-07-29 13:15:07
546,195,14,Inspiring work! Would love to collaborate.,2023-10-12 08:42:29
547,472,30,How did you achieve this effect?,2025-07-05 17:12:27
548,194,12,How did you achieve this effect?,2026-03-06 12:54:27
549,301,42,Inspiring work! Would love to collaborate.,2026-10-09 22:00:45
550,387,12,Love this! 🔥,2025-02-06 12:43:46
551,305,20,Love this! 🔥,2023-12-10 07:27:45
552,240,5,Inspiring work! Would love to collaborate.,2025-04-14 00:20:18
553,249,10,Great use of color and typography.,2026-02-19 20:22:23
554,91,29,Love this! 🔥,2025-01-24 03:12:52
555,360,41,How did you achieve this effect?,2025-01-19 05:42:55
556,42,24,Inspiring work! Would love to collaborate.,2025-09-05 07:05:17
557,441,10,Clean and minimal. Perfect! ✨,2025-01-21 11:29:07
558,126,39,The micro-interactions are so smooth!,2025-10-10 19:07:11
559,126,24,Love this! 🔥,2025-02-07 00:03:31
560,225,47,How did you achieve this effect?,2026-08-11 00:34:58
561,94,25,Can you share the process behind this?,2026-03-26 19:37:01
562,387,32,Love this! 🔥,2025-11-16 05:19:22
563,449,35,Love this! 🔥,2026-08-17 11:15:00
564,400,9,Clean and minimal. Perfect! ✨,2025-08-30 23:00:48
565,213,41,Clean and minimal. Perfect! ✨,2026-10-02 13:14:26
566,297,23,How did you achieve this effect?,2023-11-09 20:06:15
567,463,35,Love this! 🔥,2025-08-23 12:42:14
568,279,28,Clean and minimal. Perfect! ✨,2023-08-20 05:31:35
569,407,4,Love this! 🔥,2025-05-26 01:15:11
570,298,38,Can you share the process behind this?,2024-07-25 16:45:12
571,396,27,Can you share the process behind this?,2026-05-14 19:25:58
572,105,49,Inspiring work! Would love to collaborate.,2025-10-14 16:54:29
573,498,9,Great use of color and typography.,2024-08-12 15:32:59
574,406,12,The micro-interactions are so smooth!,2026-01-14 03:38:44
575,38,18,Great use of color and typography.,2025-06-15 04:05:08
576,454,42,Clean and minimal. Perfect! ✨,2025-11-14 14:52:17
577,169,21,How did you achieve this effect?,2023-09-12 04:51:55
578,189,32,Can you share the process behind this?,2024-07-18 04:48:08
579,189,18,Clean and minimal. Perfect! ✨,2026-03-10 07:29:26
580,239,38,How did you achieve this effect?,2023-08-03 08:37:31
581,380,37,Great use of color and typography.,2023-09-18 01:21:25
582,377,15,How did you achieve this effect?,2026-04-06 00:38:00
583,245,1,How did you achieve this effect?,2023-06-30 01:40:31
584,489,3,Inspiring work! Would love to collaborate.,2024-08-20 14:46:44
585,364,30,Inspiring work! Would love to collaborate.,2023-08-22 11:31:55
586,435,22,The micro-interactions are so smooth!,2023-05-04 22:45:16
587,373,43,The micro-interactions are so smooth!,2024-11-03 08:35:48
588,280,46,Inspiring work! Would love to collaborate.,2023-03-11 06:57:09
589,35,31,Can you share the process behind this?,2026-08-25 01:15:45
590,87,10,Clean and minimal. Perfect! ✨,2024-06-03 13:10:43
591,142,3,Love this! 🔥,2023-01-22 15:16:08
592,162,44,Inspiring work! Would love to collaborate.,2026-08-01 06:13:49
593,495,6,The micro-interactions are so smooth!,2026-07-24 07:47:54
594,168,5,The micro-interactions are so smooth!,2024-06-01 00:55:19
595,199,38,How did you achieve this effect?,2026-05-01 12:48:46
596,90,44,Great use of color and typography.,2024-10-10 01:12:30
597,329,4,Can you share the process behind this?,2026-06-25 23:50:28
598,310,46,Love this! 🔥,2024-04-28 05:42:06
599,67,38,Inspiring work! Would love to collaborate.,2025-09-19 08:05:55
600,282,41,Can you share the process behind this?,2026-12-23 16:35:39
601,65,3,The micro-interactions are so smooth!,2024-07-22 11:07:45
602,295,14,How did you achieve this effect?,2025-11-02 13:04:28
603,184,33,Clean and minimal. Perfect! ✨,2024-08-18 20:06:38
604,180,21,Great use of color and typography.,2024-11-08 16:40:53
605,421,41,Clean and minimal. Perfect! ✨,2024-12-22 21:53:21
606,421,10,Love this! 🔥,2023-07-28 21:46:47
607,100,46,Great use of color and typography.,2026-11-23 15:46:53
608,378,25,Inspiring work! Would love to collaborate.,2025-07-29 05:22:11
609,272,14,Love this! 🔥,2025-09-11 23:47:46
610,392,46,Great use of color and typography.,2024-06-05 13:53:46
611,291,36,How did you achieve this effect?,2025-11-05 01:25:41
612,187,29,How did you achieve this effect?,2023-12-10 11:05:34
613,20,39,Great use of color and typography.,2025-04-28 18:38:56
614,93,15,Inspiring work! Would love to collaborate.,2024-01-16 06:40:24
615,22,7,Love this! 🔥,2023-06-04 15:58:32
616,409,29,Clean and minimal. Perfect! ✨,2024-10-19 02:17:28
617,494,33,The micro-interactions are so smooth!,2025-09-20 22:54:58
618,433,19,Love this! 🔥,2025-08-31 21:26:28
619,189,45,Inspiring work! Would love to collaborate.,2023-10-08 22:07:47
620,42,19,Clean and minimal. Perfect! ✨,2023-11-20 06:00:39
621,109,7,Inspiring work! Would love to collaborate.,2024-06-18 19:01:34
622,116,40,How did you achieve this effect?,2023-07-14 03:07:49
623,349,15,How did you achieve this effect?,2025-04-24 22:32:32
624,492,34,Clean and minimal. Perfect! ✨,2024-08-10 01:10:44
625,322,46,Great use of color and typography.,2024-12-27 08:51:52
626,303,12,Great use of color and typography.,2025-01-19 06:32:31
627,333,5,Clean and minimal. Perfect! ✨,2023-12-14 17:57:56
628,329,2,Love this! 🔥,2025-11-15 12:35:11
629,499,31,Great use of color and typography.,2026-11-19 05:37:19
630,108,11,Great use of color and typography.,2026-01-19 10:45:55
631,223,4,Inspiring work! Would love to collaborate.,2026-03-20 09:06:22
632,97,21,How did you achieve this effect?,2024-10-08 01:41:42
633,478,42,The micro-interactions are so smooth!,2025-04-09 00:41:41
634,387,13,Can you share the process behind this?,2024-10-27 10:43:28
635,351,50,Great use of color and typography.,2023-11-11 21:12:42
636,71,44,Love this! 🔥,2023-07-19 17:58:09
637,207,50,Great use of color and typography.,2026-08-30 22:55:38
638,92,27,Great use of color and typography.,2025-05-16 11:20:23
639,223,13,Can you share the process behind this?,2026-02-27 00:48:18
640,206,18,Clean and minimal. Perfect! ✨,2026-11-09 12:29:57
641,426,30,The micro-interactions are so smooth!,2026-01-13 01:04:35
642,487,39,Can you share the process behind this?,2025-02-23 08:51:32
643,258,30,Clean and minimal. Perfect! ✨,2024-10-17 19:47:26
644,456,29,How did you achieve this effect?,2023-09-22 19:25:00
645,493,29,The micro-interactions are so smooth!,2026-04-22 08:19:53
646,67,50,The micro-interactions are so smooth!,2023-12-31 12:58:43
647,67,26,Great use of color and typography.,2024-03-18 11:05:22
648,171,31,How did you achieve this effect?,2023-07-29 05:27:10
649,36,31,Love this! 🔥,2023-10-22 15:44:32
650,454,17,Love this! 🔥,2025-03-05 00:26:26
651,359,45,Great use of color and typography.,2025-03-08 08:02:39
652,212,46,Can you share the process behind this?,2025-12-31 04:58:55
653,295,2,Can you share the process behind this?,2023-10-03 14:49:50
654,349,38,Can you share the process behind this?,2024-04-26 22:33:21
655,401,22,The micro-interactions are so smooth!,2024-10-18 19:26:43
656,54,45,Inspiring work! Would love to collaborate.,2024-12-11 10:45:07
657,166,23,Love this! 🔥,2026-08-06 11:11:44
658,44,1,Can you share the process behind this?,2026-03-09 19:51:34
659,241,22,How did you achieve this effect?,2024-10-17 03:17:10
660,357,34,Love this! 🔥,2024-07-06 13:28:06
661,187,36,How did you achieve this effect?,2026-06-18 10:58:08
662,435,22,The micro-interactions are so smooth!,2023-05-22 14:07:57
663,252,39,Love this! 🔥,2023-11-23 13:52:33
664,434,8,Love this! 🔥,2025-12-04 23:03:46
665,302,41,Inspiring work! Would love to collaborate.,2025-06-27 06:34:16
666,474,45,Clean and minimal. Perfect! ✨,2023-04-24 07:01:22
667,87,26,Can you share the process behind this?,2023-03-27 22:54:23
668,151,6,Love this! 🔥,2026-02-23 16:23:48
669,93,6,Clean and minimal. Perfect! ✨,2024-05-06 06:47:43
670,422,28,Can you share the process behind this?,2024-04-01 20:26:42
671,275,35,How did you achieve this effect?,2024-08-21 05:58:07
672,373,44,Love this! 🔥,2026-06-15 08:38:12
673,55,2,The micro-interactions are so smooth!,2023-09-15 20:39:16
674,356,6,How did you achieve this effect?,2026-06-24 09:54:22
675,136,10,Love this! 🔥,2024-06-25 01:26:28
676,64,27,Great use of color and typography.,2025-10-29 07:22:03
677,491,41,How did you achieve this effect?,2026-12-11 02:58:01
678,78,40,Inspiring work! Would love to collaborate.,2026-06-14 21:18:35
679,264,36,Great use of color and typography.,2025-09-30 06:25:30
680,367,41,Can you share the process behind this?,2025-06-28 08:49:37
681,301,28,The micro-interactions are so smooth!,2023-11-11 15:34:35
682,119,25,Clean and minimal. Perfect! ✨,2024-10-10 19:33:14
683,240,9,The micro-interactions are so smooth!,2025-09-04 11:29:32
684,258,18,Love this! 🔥,2026-05-29 13:05:04
685,295,15,The micro-interactions are so smooth!,2024-05-15 06:02:33
686,468,9,Great use of color and typography.,2026-05-11 21:49:44
687,26,46,Clean and minimal. Perfect! ✨,2025-01-27 22:25:14
688,138,22,Inspiring work! Would love to collaborate.,2026-10-05 14:20:43
689,242,8,The micro-interactions are so smooth!,2023-11-16 03:08:28
690,355,8,Great use of color and typography.,2025-11-23 00:52:24
691,293,37,Inspiring work! Would love to collaborate.,2023-08-05 16:24:04
692,315,18,Clean and minimal. Perfect! ✨,2024-05-11 11:03:19
693,89,40,Can you share the process behind this?,2025-08-14 00:44:35
694,48,6,Great use of color and typography.,2025-10-06 21:09:43
695,384,50,The micro-interactions are so smooth!,2023-01-03 09:13:54
696,323,42,How did you achieve this effect?,2026-01-27 11:12:39
697,300,34,Inspiring work! Would love to collaborate.,2023-04-30 16:05:04
698,157,15,How did you achieve this effect?,2025-08-28 15:07:01
699,228,25,Love this! 🔥,2025-05-21 17:14:58
700,136,30,How did you achieve this effect?,2025-07-30 20:35:03
701,378,5,The micro-interactions are so smooth!,2023-08-04 05:25:48
702,388,23,Clean and minimal. Perfect! ✨,2023-12-20 08:31:41
703,147,18,How did you achieve this effect?,2026-11-28 04:58:27
704,330,23,Inspiring work! Would love to collaborate.,2025-03-13 04:20:48
705,245,17,Clean and minimal. Perfect! ✨,2023-04-07 19:49:40
706,289,45,Inspiring work! Would love to collaborate.,2026-01-17 01:55:40
707,217,46,Clean and minimal. Perfect! ✨,2025-07-11 07:17:00
708,278,19,The micro-interactions are so smooth!,2024-11-05 15:39:14
709,92,16,Inspiring work! Would love to collaborate.,2023-04-23 19:24:42
710,495,15,The micro-interactions are so smooth!,2023-06-21 09:49:35
711,117,32,Inspiring work! Would love to collaborate.,2026-05-25 02:46:31
712,278,50,Clean and minimal. Perfect! ✨,2025-06-03 00:07:06
713,228,5,How did you achieve this effect?,2024-12-22 10:28:37
714,366,49,How did you achieve this effect?,2025-12-31 17:25:22
715,33,34,How did you achieve this effect?,2025-10-01 16:12:50
716,89,18,How did you achieve this effect?,2025-03-25 18:26:39
717,373,29,Clean and minimal. Perfect! ✨,2026-07-05 05:44:56
718,483,41,Can you share the process behind this?,2025-07-01 15:04:05
719,160,16,Great use of color and typography.,2025-12-29 20:52:35
720,315,13,Can you share the process behind this?,2025-11-21 06:11:15
721,78,4,How did you achieve this effect?,2023-12-02 16:57:38
722,228,12,Love this! 🔥,2023-11-25 06:17:15
723,87,36,Can you share the process behind this?,2023-10-11 19:36:13
724,291,30,Clean and minimal. Perfect! ✨,2025-01-19 11:21:11
725,127,1,Love this! 🔥,2024-01-01 09:11:19
726,14,20,Inspiring work! Would love to collaborate.,2025-09-19 06:12:00
727,312,11,Clean and minimal. Perfect! ✨,2025-05-06 04:43:39
728,303,31,Great use of color and typography.,2024-08-18 02:48:16
729,440,35,Inspiring work! Would love to collaborate.,2024-01-31 22:53:22
730,212,36,Inspiring work! Would love to collaborate.,2026-02-27 04:21:27
731,178,41,How did you achieve this effect?,2025-05-20 22:01:50
732,191,24,How did you achieve this effect?,2026-01-26 05:31:45
733,407,40,Great use of color and typography.,2023-09-19 02:35:05
734,278,11,Inspiring work! Would love to collaborate.,2025-03-29 05:13:18
735,297,13,The micro-interactions are so smooth!,2026-12-29 19:26:57
736,179,39,Love this! 🔥,2025-12-23 00:39:17
737,338,8,Clean and minimal. Perfect! ✨,2026-05-07 21:47:24
738,399,32,The micro-interactions are so smooth!,2024-02-15 15:06:47
739,417,7,Can you share the process behind this?,2024-11-10 14:38:01
740,269,43,Can you share the process behind this?,2025-10-10 23:47:06
741,324,29,The micro-interactions are so smooth!,2024-04-26 18:27:11
742,256,10,Clean and minimal. Perfect! ✨,2023-02-27 20:11:39
743,188,19,Clean and minimal. Perfect! ✨,2025-02-07 21:25:51
744,153,45,Inspiring work! Would love to collaborate.,2025-11-13 16:56:59
745,29,46,The micro-interactions are so smooth!,2023-07-03 14:21:44
746,64,6,Great use of color and typography.,2023-04-18 23:02:35
747,344,19,The micro-interactions are so smooth!,2025-01-09 16:08:22
748,410,47,How did you achieve this effect?,2023-05-05 11:31:10
749,184,39,Can you share the process behind this?,2023-12-18 21:51:32
750,305,23,How did you achieve this effect?,2025-10-12 12:56:13
751,120,31,Great use of color and typography.,2025-04-25 20:32:44
752,170,31,Love this! 🔥,2025-12-08 21:58:52
753,223,34,Great use of color and typography.,2023-07-16 03:31:01
754,92,17,Can you share the process behind this?,2023-07-30 02:34:22
755,72,36,Love this! 🔥,2025-04-25 05:30:10
756,484,9,Inspiring work! Would love to collaborate.,2024-10-31 16:05:44
757,133,26,How did you achieve this effect?,2023-03-05 00:19:32
758,60,21,Clean and minimal. Perfect! ✨,2023-04-24 00:04:04
759,41,49,The micro-interactions are so smooth!,2024-02-10 09:09:51
760,202,2,Inspiring work! Would love to collaborate.,2024-08-09 01:45:06
761,153,21,The micro-interactions are so smooth!,2024-01-28 12:56:07
762,66,38,Great use of color and typography.,2025-03-08 22:59:30
763,302,45,Can you share the process behind this?,2023-03-27 02:25:57
764,415,41,Can you share the process behind this?,2025-11-01 05:42:13
765,193,9,Can you share the process behind this?,2024-04-05 03:36:14
766,230,1,Great use of color and typography.,2026-05-26 10:51:53
767,177,43,Love this! 🔥,2025-05-14 03:10:03
768,499,23,Love this! 🔥,2025-02-17 15:09:24
769,473,35,Great use of color and typography.,2026-07-05 22:33:01
770,204,42,The micro-interactions are so smooth!,2025-01-02 23:36:38
771,236,13,Love this! 🔥,2026-05-07 07:20:42
772,193,12,Inspiring work! Would love to collaborate.,2025-03-19 09:42:33
773,285,36,Clean and minimal. Perfect! ✨,2023-05-25 02:37:08
774,355,30,The micro-interactions are so smooth!,2023-02-08 04:14:42
775,325,18,Love this! 🔥,2026-07-01 15:15:49
776,421,50,Love this! 🔥,2024-10-11 00:36:35
777,392,48,Great use of color and typography.,2024-01-14 01:17:33
778,487,48,The micro-interactions are so smooth!,2025-09-30 11:38:05
779,145,39,The micro-interactions are so smooth!,2026-03-01 11:54:33
780,22,47,The micro-interactions are so smooth!,2024-08-24 14:14:29
781,442,18,The micro-interactions are so smooth!,2024-10-15 17:09:17
782,446,7,Great use of color and typography.,2023-11-22 10:26:45
783,13,18,Great use of color and typography.,2026-09-19 17:40:26
784,127,45,The micro-interactions are so smooth!,2025-10-16 22:02:43
785,347,46,Can you share the process behind this?,2025-03-15 23:44:20
786,151,48,Love this! 🔥,2023-01-20 22:25:12
787,370,44,The micro-interactions are so smooth!,2026-11-05 20:22:18
788,305,26,Can you share the process behind this?,2024-12-04 09:53:38
789,368,39,Love this! 🔥,2026-10-30 19:50:54
790,196,44,Clean and minimal. Perfect! ✨,2024-01-08 11:03:55
791,325,34,Love this! 🔥,2024-05-01 04:26:25
792,474,4,Inspiring work! Would love to collaborate.,2025-09-20 08:33:25
793,407,48,The micro-interactions are so smooth!,2024-09-30 18:04:42
794,72,47,Can you share the process behind this?,2024-12-04 15:12:28
795,70,8,Inspiring work! Would love to collaborate.,2026-05-22 15:07:08
796,166,6,Inspiring work! Would love to collaborate.,2026-03-23 20:40:14
797,100,17,How did you achieve this effect?,2023-06-30 18:26:04
798,293,24,Can you share the process behind this?,2025-03-28 00:27:23
799,498,28,Love this! 🔥,2023-01-17 15:23:40
800,167,50,Can you share the process behind this?,2024-06-07 21:20:04
