shot_id,user_id,created_at
457,41,2024-01-28 15:16:19
31,2,2025-07-01 23:16:40
394,28,2025-07-01 05:43:16
178,24,2023-04-09 03:36:31
492,45,2024-02-21 02:51:52
158,11,2023-06-18 21:41:43
59,15,2023-08-08 16:45:43
450,35,2025-04-30 07:42:46
344,11,2024-10-20 18:38:06
119,8,2026-11-26 16:56:56
274,50,2025-02-17 00:03:26
493,15,2024-02-18 23:11:18
57,47,2026-10-28 00:03:43
217,11,2023-05-07 11:03:31
65,36,2024-07-21 05:34:51
324,4,2023-11-04 19:04:18
87,12,2026-12-08 19:01:37
499,40,2024-06-02 13:49:31
61,32,2023-04-18 16:51:59
399,21,2024-11-05 19:08:58
283,35,2023-03-30 02:18:16
81,49,2026-02-16 19:50:08
479,41,2026-07-30 19:50:22
61,39,2026-05-25 05:47:33
242,6,2023-07-25 02:11:30
474,29,2026-05-18 13:14:48
329,42,2023-09-28 05:35:00
420,18,2024-03-27 20:11:20
1,44,2025-09-22 07:33:57
63,19,2025-03-13 20:32:32
190,30,2024-02-03 09:44:45
120,15,2025-03-01 05:39:35
352,32,2023-12-11 17:11:56
119,18,2023-04-21 17:04:16
288,22,2026-06-22 05:53:07
384,38,2023-06-30 02:11:45
333,38,2025-08-14 10:36:28
162,2,2024-12-06 11:54:25
323,45,2025-11-26 17:47:52
434,16,2024-01-20 10:07:47
136,48,2023-04-25 22:09:40
416,1,2026-09-07 15:22:56
249,39,2026-07-22 17:59:17
394,47,2024-04-26 14:51:15
129,48,2023-07-06 09:58:14
182,43,2025-02-15 23:00:01
106,27,2026-08-31 19:39:45
135,39,2023-03-05 08:41:11
463,15,2025-12-19 05:26:53
491,35,2025-03-17 22:03:24
201,2,2024-07-15 04:44:41
446,29,2026-11-26 03:32:19
467,15,2025-01-24 01:08:53
157,22,2025-07-25 15:39:35
192,49,2026-12-26 09:00:19
465,30,2024-11-06 22:50:24
331,50,2025-02-24 07:44:12
332,1,2025-06-07 06:27:56
83,8,2025-05-31 20:59:53
377,9,2025-01-11 20:44:31
416,12,2026-07-20 21:24:51
274,10,2025-03-10 02:26:13
388,1,2023-03-28 23:10:32
343,48,2024-04-06 05:11:41
174,16,2026-07-03 05:30:21
235,11,2024-07-17 05:09:44
34,18,2025-05-02 13:44:10
64,42,2023-07-20 12:40:09
473,32,2025-04-07 16:20:50
76,1,2023-09-15 00:11:35
194,40,2024-07-18 23:32:19
499,28,2026-10-17 11:55:01
247,8,2025-11-15 18:39:06
260,33,2026-07-17 05:46:15
167,45,2023-05-17 01:14:46
470,39,2023-09-28 14:41:01
468,5,2026-08-21 06:12:29
463,33,2024-06-07 14:09:02
50,3,2025-09-19 00:06:02
213,50,2024-04-05 14:07:09
494,46,2024-11-12 03:43:43
189,32,2025-08-05 06:01:00
297,28,2026-02-10 03:18:15
489,3,2025-11-22 12:42:50
239,41,2024-08-14 06:47:54
276,49,2024-02-05 02:46:48
104,2,2026-10-22 03:17:31
59,14,2024-03-10 03:51:30
215,16,2025-08-10 15:24:26
341,24,2025-02-05 15:54:33
128,50,2025-12-31 06:49:22
409,39,2026-12-08 02:53:19
376,35,2023-03-27 20:52:26
365,13,2025-06-10 08:14:06
147,40,2026-03-26 16:53:38
411,13,2025-10-11 00:59:26
89,49,2024-04-25 12:53:14
383,32,2026-03-24 21:36:02
84,30,2025-09-15 16:54:00
355,26,2025-11-07 23:29:21
419,39,2026-02-06 11:43:23
141,28,2025-02-07 19:46:40
315,6,2026-03-10 23:10:12
280,29,2025-08-21 08:27:12
465,44,2023-11-22 07:58:55
54,4,2023-08-31 01:30:38
476,3,2023-09-16 00:04:19
138,17,2024-07-28 04:14:33
43,43,2024-03-16 23:18:49
279,32,2024-12-09 00:10:25
480,39,2026-07-08 08:25:54
194,38,2024-07-10 20:49:10
206,43,2023-10-23 17:26:07
97,27,2026-06-16 23:19:49
9,46,2024-02-29 04:31:47
196,10,2023-09-25 18:28:30
441,49,2023-02-27 00:41:39
83,10,2023-11-25 00:35:11
59,46,2026-09-19 11:51:00
439,35,2024-06-17 19:22:04
82,28,2023-05-01 03:24:06
253,20,2025-03-24 04:42:05
43,41,2024-09-11 19:32:02
398,45,2023-02-05 21:42:58
361,44,2026-06-21 18:22:31
415,44,2026-01-21 21:36:13
373,18,2025-08-11 16:33:19
262,19,2023-07-17 01:11:57
135,47,2025-05-06 05:51:01
186,34,2026-09-26 11:28:37
438,2,2025-10-15 03:44:41
115,21,2026-08-08 13:35:41
327,46,2025-07-02 11:25:37
215,25,2025-07-15 01:49:28
218,7,2024-05-02 15:02:26
111,3,2026-09-28 11:34:43
213,35,2023-06-16 22:21:44
105,21,2026-08-13 12:12:30
50,30,2023-06-27 08:22:46
402,43,2024-10-10 06:18:49
113,15,2025-08-15 04:47:59
310,6,2026-12-03 04:03:48
365,24,2023-01-14 14:41:44
231,50,2025-07-18 08:21:21
20,29,2023-02-08 11:40:34
167,12,2026-07-23 13:30:15
58,11,2025-07-25 15:48:48
81,47,2024-10-11 07:02:43
300,38,2023-01-30 17:58:51
229,40,2026-01-04 18:46:53
260,47,2025-01-09 17:24:12
300,49,2024-09-22 04:50:30
216,45,2026-02-08 15:13:24
269,6,2025-08-10 23:10:26
197,39,2025-01-03 16:34:24
27,5,2026-08-07 12:22:38
54,34,2024-01-16 11:34:04
235,9,2026-02-17 16:52:33
249,24,2023-10-18 16:38:35
217,44,2026-01-23 04:51:36
296,4,2026-08-13 17:49:18
438,44,2025-11-14 10:13:26
414,33,2025-03-21 12:22:57
171,47,2025-07-01 08:20:11
435,43,2026-04-08 09:12:38
27,38,2026-11-27 08:16:11
357,26,2025-03-10 09:23:17
378,42,2023-12-25 16:16:36
248,29,2025-10-01 01:13:55
250,2,2023-10-28 08:54:54
369,25,2023-07-20 05:53:41
178,37,2026-02-25 12:06:09
130,20,2026-10-11 00:07:34
125,34,2026-09-16 18:54:29
221,39,2024-11-27 00:04:53
307,10,2026-07-04 03:29:58
120,25,2023-02-06 00:08:17
36,24,2023-02-13 16:38:19
297,25,2023-03-25 07:14:44
241,13,2026-06-29 15:27:03
483,32,2024-01-18 10:50:21
321,26,2025-12-30 11:24:56
497,31,2026-08-07 22:23:22
354,30,2025-06-26 12:10:48
234,7,2023-11-27 15:01:16
457,42,2026-03-20 13:34:01
97,31,2025-04-28 15:12:04
233,24,2024-01-02 21:26:52
193,27,2023-02-04 12:14:06
484,6,2025-02-20 10:50:52
46,17,2026-05-14 14:42:49
64,11,2025-05-27 07:41:22
99,19,2026-11-30 03:26:08
380,23,2025-04-03 20:37:47
57,31,2024-08-26 18:10:17
72,5,2025-10-12 05:10:14
489,10,2025-03-20 11:58:28
16,11,2023-06-20 15:00:09
50,24,2025-12-22 00:43:26
168,31,2026-10-19 02:59:54
205,40,2025-08-09 23:33:16
420,5,2023-08-12 09:29:27
147,21,2024-01-09 13:05:23
191,7,2026-12-19 17:25:03
366,13,2025-03-25 09:11:36
294,19,2026-11-13 22:20:34
393,33,2025-08-02 11:57:38
265,17,2023-12-10 22:10:32
161,9,2024-07-27 09:56:40
268,20,2026-04-01 12:15:22
455,33,2024-02-13 03:31:28
10,45,2026-11-09 14:20:57
2,2,2026-07-04 23:10:15
214,20,2023-01-10 19:17:46
288,3,2024-03-10 18:38:12
477,40,2024-10-19 05:05:48
315,48,2023-04-15 09:12:09
192,42,2026-02-10 04:20:25
169,18,2024-12-20 15:53:36
57,18,2025-12-25 13:32:27
279,50,2024-05-25 12:28:47
291,17,2023-06-01 19:59:30
226,1,2023-02-12 15:12:36
140,4,2025-10-19 16:19:31
499,23,2025-02-03 07:03:09
37,11,2023-12-15 18:03:29
68,34,2023-06-30 11:39:55
350,15,2025-08-13 22:04:03
382,24,2023-08-29 11:13:55
16,16,2025-01-21 11:59:14
144,50,2023-04-20 03:47:25
498,36,2023-06-02 17:09:09
92,18,2025-12-15 12:38:53
229,15,2025-03-04 20:53:05
156,50,2025-10-02 12:24:53
426,14,2023-03-17 09:51:28
11,46,2026-04-05 10:22:38
11,4,2023-06-12 04:47:16
264,26,2025-03-09 01:37:29
202,40,2026-09-06 15:05:40
152,36,2026-02-27 04:41:23
49,35,2025-12-17 10:21:17
266,23,2026-10-09 13:58:24
327,49,2026-01-08 22:44:56
40,25,2024-09-13 04:13:20
115,35,2024-02-22 02:06:25
242,17,2023-10-26 19:59:11
374,5,2025-01-18 18:02:19
454,32,2023-04-17 11:24:21
475,42,2023-05-11 08:59:40
454,12,2026-05-31 16:48:57
121,6,2023-12-26 19:05:28
153,45,2023-04-05 13:39:21
233,50,2024-05-12 20:28:44
375,33,2024-12-30 14:12:46
461,49,2025-08-16 11:17:33
208,17,2024-03-04 20:12:09
413,44,2025-07-28 23:39:04
352,28,2025-08-14 17:19:33
23,9,2025-08-22 21:43:59
482,3,2026-02-27 02:08:32
120,35,2023-03-20 05:38:31
265,42,2025-07-13 20:44:09
71,29,2024-07-27 09:57:35
484,1,2025-09-16 07:31:06
486,5,2024-07-24 18:37:19
350,25,2024-07-27 10:57:43
304,21,2025-08-02 00:12:09
494,11,2026-11-01 18:02:00
271,18,2024-12-31 00:42:33
367,36,2024-04-16 07:42:01
17,15,2026-03-15 02:01:14
184,50,2026-01-24 13:18:12
361,48,2026-07-09 03:55:26
499,33,2024-04-14 07:27:56
446,41,2023-05-08 04:03:43
362,46,2025-05-01 10:35:37
463,25,2024-08-09 02:31:21
292,26,2023-06-04 03:59:09
53,5,2023-01-10 23:02:28
490,20,2023-01-31 22:59:55
352,5,2024-03-22 20:28:21
379,10,2024-02-23 22:23:08
171,40,2024-11-10 15:15:02
278,41,2023-09-18 15:27:42
457,12,2025-05-11 18:29:07
446,9,2024-05-05 10:35:34
454,37,2023-10-07 09:24:47
263,30,2025-12-06 14:36:44
22,3,2026-05-31 18:20:30
52,38,2025-05-13 12:26:09
180,10,2025-01-22 12:54:41
381,40,2025-10-20 04:52:48
368,17,2026-10-04 20:36:12
142,22,2025-09-19 20:25:57
377,37,2023-05-28 13:07:03
102,23,2024-11-30 16:21:09
385,12,2024-10-04 08:19:58
175,27,2024-03-07 15:50:22
263,31,2024-05-16 15:16:15
307,15,2024-09-27 14:18:50
311,12,2026-08-30 06:12:04
165,11,2026-04-14 12:30:52
47,44,2023-10-02 19:31:18
391,44,2023-09-13 22:15:08
110,12,2024-09-27 21:07:46
221,14,2024-08-21 14:37:06
345,33,2024-04-01 05:51:35
330,42,2025-12-11 20:18:27
52,21,2026-10-05 00:17:38
258,24,2024-10-17 02:53:24
31,9,2024-08-24 00:41:32
308,6,2023-09-18 10:52:40
468,6,2025-10-06 10:38:22
211,13,2025-12-24 15:37:47
34,22,2026-07-03 20:45:30
164,9,2026-09-09 09:13:21
21,41,2023-11-05 03:58:09
286,23,2024-02-05 20:36:02
235,30,2024-03-15 21:48:47
284,43,2023-12-10 14:07:33
241,37,2026-01-15 02:14:18
135,13,2025-07-28 01:45:25
265,24,2025-04-13 00:48:53
400,36,2023-07-23 12:30:52
302,10,2025-04-26 01:49:28
256,12,2025-08-19 21:40:21
433,15,2025-05-07 12:25:20
420,28,2026-03-29 12:32:29
153,5,2024-10-26 01:11:17
135,2,2024-12-27 21:56:42
410,9,2024-12-03 18:37:47
341,2,2023-12-31 20:17:39
459,38,2024-12-20 19:20:40
496,35,2024-05-23 23:11:25
358,35,2025-11-20 22:51:54
216,29,2026-09-18 03:02:40
273,25,2026-02-28 23:02:24
323,48,2024-09-23 02:58:12
331,45,2026-08-17 08:22:09
219,18,2023-02-15 02:40:14
138,16,2026-08-12 10:54:44
51,19,2026-08-26 17:52:22
277,8,2023-06-10 05:06:15
424,8,2023-08-07 21:50:21
63,1,2024-07-25 20:31:28
250,15,2024-01-03 08:42:45
168,5,2023-08-25 08:01:20
437,37,2023-02-27 07:35:56
31,48,2024-12-15 23:01:57
259,27,2025-08-02 04:37:25
203,46,2023-10-07 15:52:49
38,48,2023-05-09 03:36:35
143,18,2026-02-08 21:12:50
319,33,2026-07-05 00:28:11
327,36,2024-08-21 17:53:14
359,3,2025-11-29 14:46:03
390,49,2025-10-20 10:39:34
71,10,2025-04-25 19:37:45
318,34,2026-10-21 00:53:47
257,19,2024-07-02 02:29:46
270,37,2024-03-20 10:33:59
469,25,2025-09-08 11:05:42
73,23,2024-04-30 10:33:45
300,50,2026-04-23 18:29:33
197,48,2026-01-24 21:55:47
202,41,2026-11-21 02:39:55
49,6,2024-11-25 06:46:34
212,14,2023-09-07 21:09:19
199,21,2023-01-31 23:17:26
364,24,2025-08-03 18:29:00
310,40,2024-06-29 03:14:58
204,27,2023-01-24 07:54:32
389,38,2025-06-01 05:26:16
184,23,2023-10-15 21:07:45
95,41,2025-02-24 05:01:28
225,48,2024-06-27 14:45:26
315,9,2026-05-21 02:05:36
89,23,2024-12-30 23:53:53
464,23,2025-07-13 23:02:49
244,15,2025-10-08 18:17:49
58,15,2026-02-01 10:34:43
229,28,2023-01-26 03:21:10
315,33,2023-01-18 20:17:34
23,42,2025-09-15 11:23:17
148,5,2025-10-10 23:42:33
285,7,2023-01-27 23:28:51
226,4,2023-04-04 07:45:25
82,29,2023-05-01 11:19:56
77,19,2023-01-26 22:16:38
329,44,2026-09-06 01:25:01
32,37,2023-03-07 02:16:00
188,43,2026-10-20 12:12:50
350,10,2023-03-24 01:03:11
185,1,2024-09-19 21:11:21
212,12,2026-04-23 08:43:36
153,30,2026-06-15 12:55:22
325,10,2023-11-10 06:39:38
473,34,2023-07-13 22:37:44
366,50,2023-06-18 07:54:24
403,7,2023-12-26 16:49:47
238,45,2024-07-10 17:18:50
30,18,2025-04-23 13:44:49
473,33,2024-11-12 22:56:09
214,3,2026-06-05 14:30:54
77,38,2024-03-16 17:54:28
271,47,2024-10-19 09:26:53
238,4,2026-10-07 02:04:33
192,38,2026-01-09 03:33:36
231,33,2025-02-15 11:26:21
270,1,2023-11-17 09:05:13
8,31,2025-11-25 21:19:59
43,48,2024-05-03 22:48:07
27,33,2023-07-02 15:28:34
96,34,2025-09-15 14:49:52
218,1,2023-08-17 17:08:12
101,28,2026-11-02 11:10:19
90,47,2024-05-24 19:51:37
409,15,2023-08-21 07:18:07
51,5,2026-07-23 04:23:18
99,3,2025-12-22 00:26:57
298,20,2023-01-20 13:12:19
123,42,2023-01-06 19:08:39
25,43,2026-08-22 00:58:00
332,16,2024-10-04 02:24:28
175,48,2024-02-22 14:49:42
280,8,2026-09-09 02:51:43
102,10,2025-06-19 02:06:52
100,38,2026-11-29 04:25:31
455,45,2024-01-03 07:54:01
126,11,2024-11-14 20:19:34
106,22,2025-01-08 01:15:43
178,27,2023-12-26 17:37:08
435,19,2023-06-15 00:53:00
258,19,2025-12-13 20:39:01
201,33,2023-11-13 21:29:34
255,6,2025-05-29 14:37:06
156,29,2024-03-31 16:07:48
15,24,2024-01-08 09:04:19
470,35,2023-12-05 02:21:44
156,42,2025-06-13 20:48:42
175,13,2023-08-31 04:56:53
314,23,2023-10-08 02:08:40
405,23,2023-02-09 09:27:25
116,44,2026-01-25 05:24:07
111,17,2026-10-04 17:11:52
464,10,2025-06-03 02:24:36
423,12,2023-04-22 12:50:22
161,5,2024-02-04 15:52:38
458,15,2025-02-01 18:06:33
260,37,2026-01-23 08:53:56
281,27,2024-01-11 19:48:55
21,3,2026-08-20 09:52:06
2,48,2023-12-17 15:28:12
384,6,2024-12-09 17:41:40
399,22,2025-03-20 12:30:48
257,22,2023-08-02 13:17:56
180,25,2025-10-08 07:23:36
388,42,2024-04-12 14:56:59
238,15,2025-08-14 00:43:44
384,37,2023-05-23 22:37:29
220,39,2023-12-27 17:00:51
204,31,2023-09-10 04:53:00
335,19,2025-01-13 12:32:19
243,17,2025-09-25 05:41:19
197,31,2025-03-18 06:56:14
363,31,2026-12-24 05:17:40
235,32,2024-10-27 12:37:32
309,26,2024-05-28 14:35:52
194,4,2024-06-14 04:14:30
132,30,2024-09-23 17:15:38
318,2,2026-10-18 21:41:28
265,6,2026-05-31 09:56:54
485,12,2024-11-27 09:47:31
421,48,2026-10-25 09:00:58
13,4,2026-01-24 17:34:24
121,7,2023-05-04 09:50:57
14,15,2023-01-30 04:14:40
35,15,2023-05-27 06:20:35
107,48,2026-10-16 10:01:08
434,1,2024-02-24 12:24:56
423,2,2023-10-04 22:43:36
325,44,2023-10-25 23:58:43
435,17,2024-07-08 20:53:20
12,49,2026-03-20 09:22:50
265,31,2025-12-27 16:00:10
192,39,2023-07-29 02:04:29
442,37,2024-03-16 21:49:08
420,8,2024-09-11 20:36:02
161,11,2024-11-28 19:06:09
374,8,2024-09-26 14:20:11
311,43,2023-01-24 17:22:06
316,31,2024-07-25 18:03:18
339,25,2026-11-09 12:20:31
275,40,2026-09-12 17:14:42
421,45,2024-02-16 01:39:56
144,44,2023-02-03 00:46:04
69,9,2023-12-27 05:50:03
19,42,2023-08-05 11:40:16
216,26,2023-02-06 07:17:53
377,23,2026-11-22 14:36:43
424,49,2025-09-28 23:38:19
280,28,2025-06-24 09:11:01
3,28,2024-11-28 14:26:22
308,36,2024-06-20 10:01:16
346,34,2024-10-12 21:49:54
45,6,2025-09-10 23:09:02
166,10,2023-10-21 02:03:36
234,5,2026-11-03 23:51:11
222,5,2025-09-08 04:39:45
305,41,2025-01-15 10:01:32
118,47,2026-04-06 12:27:09
417,15,2026-05-17 17:13:45
255,32,2025-10-25 12:40:44
14,23,2024-09-28 17:37:41
24,28,2026-02-13 17:31:05
171,34,2025-07-13 13:07:18
417,47,2023-02-14 12:09:41
225,9,2025-04-29 09:14:08
80,20,2025-12-01 09:58:37
499,3,2024-08-03 06:24:18
498,48,2025-12-05 14:10:29
11,41,2023-03-15 09:09:39
398,50,2025-11-17 10:06:39
65,21,2025-06-10 13:00:52
272,38,2024-12-21 01:27:55
455,24,2025-12-16 20:41:00
483,20,2026-03-10 15:25:14
345,41,2024-08-17 07:17:35
431,34,2025-05-06 12:35:51
95,12,2025-04-30 12:29:53
67,28,2025-08-26 08:00:15
136,49,2025-11-10 10:38:06
12,26,2023-07-22 18:47:51
196,14,2026-09-03 17:27:44
150,45,2023-02-24 10:01:09
136,40,2026-12-09 13:38:34
49,17,2026-09-16 21:45:31
405,8,2024-01-02 16:16:19
438,17,2025-05-31 16:13:40
118,36,2025-08-02 06:10:00
154,35,2024-12-10 03:28:14
409,33,2025-11-12 03:15:48
414,8,2024-02-06 15:09:06
109,33,2025-05-02 18:12:29
363,50,2026-07-09 03:37:21
410,33,2024-04-03 00:09:01
459,32,2026-01-17 21:45:03
3,50,2025-11-06 16:20:16
257,12,2024-07-13 11:01:31
355,32,2024-07-02 16:11:52
205,17,2024-05-05 14:30:21
23,12,2024-08-13 18:22:14
457,28,2023-02-14 06:20:34
3,30,2023-08-15 19:50:45
437,27,2023-09-30 06:41:23
467,46,2026-05-30 04:50:51
104,46,2024-10-12 12:13:55
183,22,2023-04-10 03:51:47
62,36,2024-06-27 22:02:50
95,2,2026-01-29 16:10:29
440,33,2023-05-21 15:34:40
431,10,2023-06-28 05:33:50
25,31,2024-05-22 04:55:20
270,12,2023-07-12 09:52:51
226,45,2025-02-21 17:49:15
455,28,2026-03-26 13:44:17
493,28,2023-06-10 21:11:19
187,31,2026-12-08 14:00:52
377,44,2024-09-06 17:32:05
176,30,2025-10-25 07:45:53
103,12,2026-06-20 19:22:18
92,38,2026-01-23 06:04:39
55,32,2024-06-10 02:21:39
86,2,2025-03-20 00:32:31
491,43,2025-02-03 20:34:21
378,11,2026-09-18 06:10:57
424,34,2024-12-29 13:07:24
312,4,2024-04-05 03:19:47
485,29,2024-08-30 10:27:04
199,5,2025-01-02 20:08:42
386,39,2025-04-05 01:58:46
15,14,2026-06-13 16:54:04
421,11,2023-11-10 10:32:39
9,47,2024-12-25 10:41:32
264,9,2025-09-22 08:32:03
225,17,2025-10-22 08:06:50
490,49,2024-10-23 05:00:41
64,16,2025-03-10 09:09:25
372,27,2024-06-15 16:45:11
379,31,2024-01-13 17:59:13
454,39,2026-07-14 14:25:51
166,50,2026-06-20 00:29:52
423,32,2025-10-20 18:04:18
356,40,2023-09-30 04:03:12
92,12,2025-05-18 22:35:29
173,22,2026-11-24 12:38:21
78,15,2024-11-09 23:52:24
354,37,2025-05-30 08:21:35
233,11,2024-04-02 17:47:44
305,42,2026-10-01 20:14:02
462,42,2026-08-08 19:28:11
59,29,2025-09-11 17:12:50
309,44,2023-10-24 05:10:52
356,3,2024-08-05 18:08:01
383,50,2025-02-07 09:47:57
54,37,2025-06-29 12:45:32
136,31,2026-06-01 04:59:48
271,33,2026-07-13 23:11:31
333,42,2024-09-22 14:48:33
5,39,2026-04-06 20:08:42
382,23,2025-01-28 02:20:53
90,34,2024-05-23 15:45:47
101,15,2024-01-27 04:32:04
406,36,2023-12-13 06:41:13
439,28,2023-07-29 08:44:47
201,36,2023-09-30 05:47:07
13,45,2025-03-11 03:03:15
369,12,2025-06-19 18:20:21
493,36,2026-06-18 04:57:03
142,2,2023-07-26 00:31:20
489,20,2025-05-07 15:28:55
307,22,2025-10-14 21:32:01
435,33,2024-08-07 13:40:38
327,37,2025-10-16 20:42:54
136,6,2023-06-08 05:22:40
286,21,2025-05-22 22:34:15
371,30,2024-03-04 03:55:03
86,30,2024-03-11 10:46:08
450,31,2023-06-21 10:19:08
125,30,2026-12-26 03:54:33
135,1,2026-04-03 05:43:02
39,33,2024-05-31 18:52:01
159,26,2025-07-21 01:58:43
5,18,2025-10-01 06:51:36
8,27,2023-07-03 06:02:36
162,39,2025-01-15 17:11:03
495,38,2024-03-24 17:43:24
231,31,2026-09-27 06:55:48
310,25,2026-05-11 19:08:32
29,25,2025-01-16 21:03:44
262,13,2024-09-18 01:30:12
171,32,2023-05-26 22:19:29
214,21,2026-08-05 02:25:18
359,5,2024-02-06 07:01:21
320,50,2026-04-21 13:48:29
319,22,2023-01-19 11:30:20
243,23,2026-04-25 19:57:27
413,45,2023-08-03 04:55:03
462,2,2024-09-04 11:28:58
314,19,2023-07-20 20:03:52
292,48,2026-07-01 13:36:46
429,17,2023-12-14 11:22:51
34,1,2023-04-22 17:03:19
359,35,2026-02-03 05:05:36
18,5,2023-03-14 21:33:15
267,44,2025-03-11 06:27:58
189,16,2025-04-28 12:49:25
280,44,2023-03-31 18:59:16
187,8,2023-02-03 04:50:58
326,25,2023-02-21 02:49:23
348,18,2024-04-16 12:12:10
303,5,2024-02-25 19:07:38
357,4,2024-09-01 12:55:32
497,3,2025-11-08 11:04:57
484,10,2024-11-25 13:44:19
473,20,2023-09-11 16:11:35
293,3,2025-12-24 09:22:46
346,47,2023-09-02 15:52:12
302,38,2026-12-18 14:50:54
227,20,2024-12-31 15:40:25
391,15,2026-08-20 06:16:32
333,31,2024-11-29 11:42:32
453,7,2025-04-10 10:47:24
152,6,2023-05-30 15:30:37
252,42,2026-07-03 01:47:54
344,34,2024-06-03 07:10:02
211,28,2024-01-24 02:56:16
36,7,2023-07-22 07:09:10
409,27,2024-09-04 15:16:56
414,49,2026-09-03 05:22:48
497,42,2024-02-13 06:31:31
65,40,2024-08-27 21:13:58
249,32,2026-08-01 09:55:11
352,45,2024-12-07 07:59:47
155,26,2025-06-19 06:43:10
141,22,2023-09-14 21:16:45
252,37,2025-06-05 13:59:45
385,3,2023-01-08 06:57:46
419,40,2024-05-12 04:23:25
392,25,2025-01-23 20:59:38
377,47,2023-03-14 00:59:22
47,28,2024-08-13 22:50:17
401,3,2023-08-12 13:09:35
364,18,2023-12-19 14:14:40
24,26,2025-10-25 07:01:40
83,18,2024-06-27 02:19:26
214,11,2026-06-13 06:06:04
466,41,2023-10-01 13:19:33
414,27,2024-10-19 20:31:35
100,14,2026-03-03 17:22:39
38,49,2025-02-19 01:18:34
260,5,2023-04-16 07:26:10
68,38,2024-10-27 11:35:49
311,42,2026-03-13 10:38:08
206,8,2023-06-08 19:51:52
491,16,2023-02-27 20:15:08
462,21,2026-12-13 14:39:42
253,46,2024-03-10 16:48:32
364,21,2024-09-22 22:57:13
30,24,2023-08-12 05:12:45
484,9,2023-08-21 23:33:21
120,12,2025-08-01 00:45:59
414,22,2025-05-15 20:43:47
167,46,2025-08-27 19:37:16
220,25,2025-08-31 17:27:06
116,50,2023-03-01 16:08:28
87,17,2025-08-11 00:40:44
7,13,2026-09-23 05:13:14
238,28,2026-07-01 20:48:12
43,39,2026-10-20 19:17:00
166,18,2024-12-29 22:33:14
346,44,2026-07-16 05:49:08
82,3,2026-07-26 09:32:34
309,39,2023-05-01 16:42:42
198,23,2024-07-05 20:01:05
51,27,2024-07-03 02:24:38
355,20,2023-11-24 21:07:43
338,44,2025-07-25 11:48:22
418,46,2024-10-19 23:39:09
453,40,2024-02-08 03:34:38
258,18,2026-10-16 00:12:17
164,21,2024-10-02 08:02:59
264,40,2024-08-11 15:49:01
260,11,2025-12-27 17:25:00
344,24,2023-10-30 07:22:00
168,30,2023-08-02 05:24:09
367,10,2025-12-29 19:51:17
266,21,2023-11-29 18:53:25
403,16,2024-07-30 22:55:07
253,41,2026-07-15 16:38:57
224,26,2024-10-30 19:33:05
347,20,2026-11-27 21:37:28
450,39,2026-04-30 03:56:09
92,39,2026-02-18 18:25:39
50,28,2024-01-13 12:56:22
177,21,2024-10-31 15:14:32
442,24,2024-04-22 22:53:24
279,4,2024-06-08 12:43:20
43,20,2026-08-19 00:23:27
246,22,2024-10-26 18:26:35
304,43,2024-04-26 09:37:28
32,30,2026-10-31 13:49:02
354,12,2023-02-28 10:33:52
60,11,2024-05-25 14:53:46
185,12,2023-02-11 15:15:21
22,9,2025-04-02 18:46:34
361,6,2024-08-04 07:01:42
60,40,2024-01-30 01:44:15
47,17,2025-08-16 14:29:17
253,13,2024-03-26 16:53:02
85,35,2026-02-02 19:16:31
399,15,2023-08-11 05:02:19
486,48,2025-10-14 09:57:12
77,28,2023-09-13 01:07:53
234,18,2025-09-06 17:04:55
255,1,2025-08-28 00:30:35
248,24,2024-11-04 01:52:39
6,46,2023-09-22 15:12:07
474,43,2025-01-24 02:09:45
143,45,2026-12-07 06:55:26
114,38,2023-04-18 05:58:55
331,39,2024-10-03 19:54:28
114,45,2024-08-20 07:31:41
405,16,2026-10-12 15:31:05
386,49,2025-01-22 00:50:33
472,5,2023-12-22 16:37:51
461,29,2023-12-18 06:13:45
76,4,2025-03-24 10:42:32
481,12,2024-11-20 12:30:01
314,15,2025-05-30 18:43:43
110,9,2023-08-14 11:06:56
150,23,2024-03-01 02:30:34
415,26,2025-02-21 16:47:47
461,41,2025-01-06 23:48:16
186,50,2026-08-07 07:49:33
186,24,2025-02-28 21:48:56
447,4,2025-09-05 04:34:26
331,23,2025-09-14 00:06:48
469,19,2024-08-11 02:08:32
304,10,2023-08-11 05:16:29
179,33,2025-06-25 10:00:28
265,36,2025-07-08 10:38:00
70,43,2026-07-08 17:57:12
153,17,2025-08-02 18:55:03
106,34,2025-06-12 22:50:54
231,47,2026-10-11 19:20:06
282,30,2023-11-11 22:48:49
229,32,2023-06-26 23:33:25
121,35,2025-12-31 06:20:05
472,13,2023-04-23 00:25:45
351,24,2023-10-09 00:21:09
466,7,2024-07-22 00:30:13
61,9,2025-03-25 05:59:19
164,32,2024-12-10 04:39:05
381,27,2025-07-17 02:07:03
120,33,2025-10-03 14:34:12
35,20,2024-10-30 16:45:12
343,39,2026-03-05 22:25:20
179,28,2024-04-28 14:14:44
300,9,2023-10-15 04:53:45
304,34,2024-10-19 19:08:56
419,25,2024-11-25 02:41:48
427,46,2024-03-20 15:43:21
83,31,2025-08-30 02:25:52
363,23,2025-05-23 08:48:33
372,9,2024-08-05 02:24:19
300,26,2024-10-09 14:46:03
450,47,2024-12-19 06:48:14
112,49,2023-07-05 13:44:17
190,20,2024-04-13 14:55:38
288,4,2023-02-12 16:16:08
337,8,2024-02-23 22:56:40
316,41,2026-08-22 08:11:54
16,12,2025-02-18 20:05:15
441,25,2024-11-21 17:57:53
20,9,2023-06-30 02:55:27
102,39,2026-06-09 11:58:13
338,49,2026-12-13 03:04:24
70,44,2026-12-17 18:25:04
345,20,2023-02-17 07:01:21
393,39,2026-07-23 20:57:57
378,16,2025-04-19 10:45:39
103,5,2026-11-01 16:56:24
268,47,2024-05-28 02:03:53
206,22,2023-08-17 15:03:10
280,36,2024-12-06 01:10:28
447,21,2024-02-14 17:19:21
110,41,2026-11-15 00:04:16
245,16,2024-10-21 04:27:07
237,33,2026-07-10 17:07:36
106,30,2023-01-23 20:30:28
339,26,2024-01-01 01:43:10
356,36,2026-04-26 12:34:06
75,9,2023-12-04 07:01:37
74,47,2023-05-15 21:05:01
133,1,2023-10-19 18:16:38
311,23,2023-01-08 22:31:56
203,16,2023-01-04 06:50:47
246,3,2024-05-23 13:49:19
322,23,2025-12-03 21:24:36
468,19,2026-01-09 13:10:00
77,16,2023-04-27 03:44:29
305,31,2026-03-13 09:56:52
362,21,2024-12-16 23:14:39
344,25,2023-12-24 04:03:23
254,10,2023-08-15 05:27:07
240,31,2026-09-15 12:13:23
207,12,2023-07-06 22:36:14
413,50,2024-09-22 12:48:30
295,6,2026-03-04 19:10:48
460,34,2023-05-13 17:28:12
153,11,2025-10-06 22:51:35
127,29,2025-04-04 08:27:06
317,18,2024-06-13 11:56:30
188,5,2024-08-06 12:48:00
223,48,2026-04-01 12:40:02
154,15,2026-10-03 16:04:15
37,18,2026-07-16 10:40:34
129,47,2026-04-17 02:56:15
449,24,2024-09-06 13:15:50
450,7,2025-01-12 00:39:53
404,29,2024-09-25 23:45:48
100,15,2025-10-11 20:01:16
482,34,2023-04-16 14:37:49
377,41,2025-03-13 04:03:58
120,28,2025-02-20 23:10:10
313,40,2023-10-30 13:46:09
464,47,2024-04-07 05:08:46
388,2,2023-04-03 07:48:43
395,30,2024-06-04 06:58:14
23,7,2025-09-28 09:39:53
453,26,2024-01-19 21:24:17
86,40,2023-04-04 11:17:13
63,41,2025-04-22 07:17:00
178,46,2023-06-24 02:54:46
475,19,2025-07-18 20:52:56
54,46,2026-06-05 21:44:08
378,45,2026-09-09 05:00:16
127,6,2025-05-08 23:38:09
133,22,2023-06-07 09:34:13
482,11,2026-05-23 04:53:37
252,18,2024-11-15 15:50:36
484,46,2025-02-23 00:25:32
291,47,2025-06-15 16:45:36
117,30,2024-02-24 19:35:33
345,39,2024-03-25 12:49:25
409,25,2025-04-23 06:34:15
247,43,2023-06-14 14:36:21
341,45,2024-02-14 17:46:33
33,32,2025-08-17 17:25:08
11,5,2023-07-11 21:12:54
425,36,2023-01-13 05:17:29
382,27,2026-05-21 00:54:45
284,1,2024-09-16 04:24:05
170,2,2026-06-14 03:44:05
204,6,2023-12-23 09:00:51
187,44,2024-03-04 01:34:24
105,36,2023-02-14 07:52:15
260,21,2024-09-21 07:17:39
30,45,2024-02-28 10:38:59
381,50,2025-06-14 16:42:51
97,7,2023-09-08 19:23:55
310,19,2026-11-12 03:17:05
154,27,2023-03-11 06:45:55
170,9,2023-09-09 13:16:28
465,41,2025-06-08 14:32:31
464,9,2023-12-29 21:27:28
60,14,2023-10-26 01:39:38
87,35,2025-08-27 14:32:25
469,7,2024-05-10 07:09:12
256,41,2025-09-18 10:26:47
329,40,2025-01-15 19:34:04
471,22,2026-04-03 12:15:20
130,31,2023-04-05 02:31:44
109,12,2026-11-19 18:09:34
169,14,2026-03-07 11:14:55
193,37,2023-09-01 10:47:40
472,43,2024-04-03 01:24:51
200,18,2026-12-03 23:02:24
275,36,2025-03-05 03:29:13
237,19,2025-05-31 09:24:17
105,18,2025-02-21 12:23:19
215,24,2025-08-24 16:57:10
367,13,2026-09-19 09:22:12
197,32,2025-02-24 20:04:10
336,45,2023-01-21 00:03:32
142,13,2025-11-05 00:15:03
340,22,2023-12-04 05:36:28
35,30,2025-12-16 07:18:47
101,3,2025-03-27 10:54:06
227,43,2023-09-23 14:16:15
287,3,2026-10-24 06:02:37
462,33,2024-08-17 04:06:09
437,12,2023-06-28 04:35:14
128,40,2024-05-27 02:43:56
110,40,2026-03-24 00:19:47
190,11,2023-07-25 10:19:10
407,32,2026-05-17 18:20:43
230,25,2025-12-08 02:36:46
14,3,2023-10-25 16:49:24
403,31,2023-05-21 04:00:35
122,42,2026-11-28 20:27:19
191,41,2025-10-05 15:03:22
126,31,2026-07-17 02:33:25
267,34,2025-06-27 02:03:58
423,13,2025-11-11 03:59:54
153,44,2026-02-01 02:51:04
43,6,2023-04-27 01:36:24
418,50,2023-03-21 03:09:28
14,46,2023-11-21 07:10:32
152,34,2023-09-26 23:28:34
115,41,2023-07-24 08:19:56
182,18,2023-08-16 07:19:35
378,50,2023-04-19 04:11:04
444,9,2024-02-26 21:32:33
180,27,2024-12-01 08:14:27
29,12,2025-02-23 12:26:06
193,7,2025-07-22 08:06:27
227,27,2024-05-22 21:50:47
77,44,2023-07-30 10:02:08
351,31,2026-03-07 16:47:24
174,39,2026-01-03 15:35:54
38,13,2023-12-04 21:22:08
422,21,2025-10-25 07:43:49
171,5,2026-08-13 19:58:28
147,6,2023-10-07 01:08:29
68,46,2025-07-18 15:44:43
378,36,2026-06-16 02:24:14
473,45,2023-08-10 08:23:29
14,43,2025-09-07 14:52:09
3,32,2026-07-25 00:30:11
30,43,2023-06-16 11:16:53
36,9,2025-01-17 22:39:16
7,31,2024-12-27 06:20:08
81,1,2025-09-06 06:16:46
240,40,2024-08-12 08:08:59
157,50,2023-12-07 10:59:43
251,30,2025-08-07 22:13:33
350,23,2026-06-18 12:37:14
5,10,2026-02-12 03:38:49
1,15,2024-08-10 21:53:35
433,36,2026-08-16 18:40:36
420,1,2023-06-01 20:42:25
295,27,2025-10-27 02:43:06
245,36,2023-11-24 15:34:07
83,35,2023-10-17 07:20:53
132,24,2023-09-08 02:15:33
409,13,2026-10-26 12:55:35
363,14,2023-05-23 14:36:02
93,15,2026-10-22 16:32:17
261,39,2026-01-31 05:38:13
181,14,2024-09-08 09:42:09
456,6,2024-02-20 19:25:20
38,6,2026-07-16 07:19:34
61,44,2023-06-23 12:05:03
245,17,2026-12-26 01:28:31
470,44,2025-05-06 13:20:25
489,45,2023-11-18 10:26:35
344,14,2026-06-02 14:33:53
216,2,2026-11-14 10:49:14
151,41,2025-12-08 17:00:22
29,36,2024-02-21 08:44:08
99,42,2024-10-12 13:25:19
333,22,2023-08-30 21:34:14
254,3,2023-01-18 06:26:14
401,37,2023-02-24 13:00:28
358,26,2025-09-05 23:12:09
160,1,2025-12-17 09:41:21
104,41,2024-05-22 19:08:02
184,10,2024-08-14 09:25:13
148,12,2024-05-15 19:57:37
44,38,2024-08-17 07:31:29
92,32,2026-03-22 04:39:40
232,37,2026-07-09 00:48:37
20,47,2025-04-27 23:30:15
478,18,2026-04-26 14:00:51
191,16,2026-03-07 14:23:28
54,42,2025-09-12 01:43:36
11,18,2026-08-19 04:35:00
49,48,2026-07-26 01:55:07
311,20,2024-08-19 10:09:11
220,7,2023-05-31 19:45:23
295,47,2023-10-12 10:46:19
179,17,2026-12-22 15:15:44
404,13,2023-02-23 17:51:45
414,31,2023-01-19 02:37:52
11,16,2024-01-15 08:02:45
384,3,2026-10-07 20:35:28
251,8,2023-07-06 03:08:24
365,2,2025-03-01 08:24:33
354,32,2026-01-05 14:22:20
468,16,2023-02-01 09:28:12
356,4,2024-08-14 03:29:13
309,36,2023-02-28 15:25:07
204,34,2025-07-14 12:26:37
288,7,2023-01-23 04:53:54
220,18,2023-07-05 15:56:42
200,7,2026-10-26 06:29:00
357,5,2023-07-23 21:50:28
20,28,2024-02-27 09:09:18
272,4,2026-03-12 22:25:21
175,40,2023-06-28 21:59:02
439,40,2026-08-05 16:39:28
14,44,2026-04-21 00:34:03
350,21,2024-03-27 12:54:02
152,7,2026-04-19 16:21:14
223,50,2025-10-15 00:34:17
433,44,2023-02-28 10:01:18
411,28,2025-04-28 03:42:51
220,49,2023-12-07 08:03:23
500,19,2026-10-29 00:40:28
444,24,2023-06-14 09:23:08
313,1,2024-05-31 11:54:56
451,3,2025-08-01 05:26:40
343,47,2025-10-03 01:28:42
370,18,2024-03-08 13:12:21
349,34,2023-11-15 20:16:44
298,24,2025-08-16 14:03:41
443,31,2026-10-16 06:06:07
415,50,2023-02-09 03:09:11
290,22,2024-05-18 01:36:13
479,49,2023-10-15 19:22:03
202,17,2024-01-30 06:55:34
335,6,2023-03-08 04:53:28
120,46,2024-04-12 13:49:23
41,43,2026-06-11 03:29:59
290,30,2025-09-26 13:48:25
266,35,2026-09-28 17:05:32
267,12,2024-02-14 22:47:06
437,2,2023-01-28 00:30:12
336,18,2024-07-03 11:49:49
330,36,2024-06-21 00:53:22
152,1,2023-10-22 06:11:49
230,4,2025-05-10 17:41:49
235,16,2023-12-13 14:23:41
274,29,2023-07-07 01:28:31
191,44,2024-08-05 14:38:07
433,42,2026-07-18 13:01:37
23,3,2023-02-18 12:13:25
394,32,2024-03-03 17:54:16
105,34,2025-02-19 08:49:23
442,27,2026-07-02 23:25:48
408,40,2024-05-13 04:21:09
235,25,2024-11-11 14:33:24
141,40,2023-02-01 16:04:10
3,34,2023-08-06 02:27:21
492,22,2023-02-14 16:25:34
12,28,2025-10-31 21:35:36
383,11,2023-03-17 15:21:54
270,10,2026-03-29 08:08:13
140,1,2025-02-17 11:28:02
427,14,2025-07-31 15:11:13
347,12,2025-07-02 14:23:16
194,24,2023-07-31 04:44:18
371,6,2026-04-23 11:29:35
247,39,2025-11-27 16:12:36
105,14,2024-12-28 08:41:41
471,3,2026-03-26 02:57:39
328,34,2023-04-17 12:40:41
414,16,2026-01-18 05:38:14
150,49,2026-12-02 03:32:47
400,24,2025-05-19 19:32:14
493,41,2024-05-30 03:57:17
55,9,2025-02-08 20:53:07
82,42,2025-03-10 05:30:59
396,4,2025-11-07 15:01:38
38,39,2026-04-16 05:48:11
193,45,2026-12-08 01:48:56
255,47,2024-09-10 06:02:30
75,19,2025-01-28 05:25:18
344,16,2023-07-31 01:59:43
115,44,2025-11-08 05:10:45
147,31,2024-01-01 01:59:54
251,41,2025-01-01 21:46:14
219,2,2026-09-20 13:42:51
53,43,2023-01-19 14:21:35
188,2,2025-01-04 04:49:23
278,32,2025-09-10 00:59:44
217,35,2023-03-01 05:17:07
416,36,2025-02-26 11:30:46
184,48,2024-01-24 21:17:53
154,47,2024-05-15 06:53:27
337,43,2023-06-07 07:24:40
172,34,2026-06-01 16:26:33
374,4,2023-07-14 10:15:38
78,45,2025-04-20 06:00:23
50,46,2025-09-26 02:09:18
277,18,2025-07-04 02:11:37
454,42,2025-03-26 05:58:03
405,15,2023-03-29 07:08:48
42,40,2023-11-17 11:49:06
183,6,2026-02-14 02:52:02
154,43,2024-05-27 09:58:10
294,20,2024-04-09 18:45:30
254,42,2025-07-07 10:54:27
467,45,2026-03-08 17:41:54
107,4,2023-07-20 12:48:20
315,18,2026-03-26 06:15:08
81,33,2025-08-01 19:19:45
73,30,2026-10-14 19:30:14
494,31,2026-01-21 00:02:29
301,12,2026-03-02 08:36:46
68,29,2024-07-24 01:40:03
202,27,2025-10-10 05:40:39
338,46,2025-10-08 14:38:53
412,33,2023-02-26 09:14:46
39,48,2024-08-12 10:40:45
120,21,2023-01-30 11:04:23
376,38,2026-11-05 05:11:26
151,45,2023-05-09 16:51:50
412,1,2026-03-12 22:43:09
181,32,2026-04-04 04:11:33
229,34,2023-01-03 21:15:23
169,32,2024-04-04 10:29:33
338,31,2026-08-19 02:55:25
449,7,2025-12-03 20:10:18
62,20,2023-07-21 20:32:40
412,7,2023-11-10 14:11:46
40,44,2024-06-17 08:19:30
5,7,2026-02-06 21:50:38
173,30,2026-04-19 09:55:15
162,13,2025-10-25 08:41:40
184,40,2026-07-24 21:04:37
77,15,2024-12-27 06:25:15
1,33,2024-09-27 10:16:54
318,31,2023-09-09 07:08:14
95,17,2025-10-04 00:08:08
57,23,2025-07-16 17:26:44
151,31,2025-09-09 04:41:06
17,8,2024-03-13 23:47:11
348,44,2025-10-14 21:56:44
92,10,2025-07-11 03:57:20
395,50,2024-11-26 10:13:35
323,29,2026-11-05 21:34:48
333,28,2024-09-28 22:05:14
117,27,2023-05-15 09:35:22
488,42,2026-07-29 18:53:27
155,38,2023-09-14 21:01:17
49,33,2026-09-19 22:59:58
162,9,2026-08-16 11:09:53
302,14,2025-03-22 01:30:33
363,11,2024-08-09 09:29:25
147,2,2025-07-20 17:43:40
282,32,2026-12-02 14:54:17
313,38,2025-04-01 15:06:55
305,26,2026-12-09 20:17:00
403,28,2025-06-28 05:44:29
235,39,2026-07-09 23:33:54
228,11,2024-05-16 07:14:34
289,16,2024-10-08 15:46:47
95,25,2026-08-16 14:39:01
66,29,2026-01-28 10:19:31
376,23,2024-06-19 08:18:20
194,41,2023-11-28 16:00:16
206,6,2025-12-17 22:12:44
480,30,2025-10-12 15:06:38
160,24,2024-10-11 02:33:19
166,27,2024-10-15 03:48:49
104,10,2023-06-11 12:24:51
62,44,2024-10-20 18:59:17
348,12,2023-05-15 02:14:30
184,39,2025-08-23 14:27:02
48,33,2025-07-29 18:04:15
255,20,2023-06-25 11:53:00
442,13,2023-04-13 22:14:50
283,39,2025-05-28 16:18:10
298,47,2026-04-03 01:07:20
387,45,2024-11-04 08:00:09
287,28,2023-08-31 07:12:53
150,15,2023-10-16 13:02:55
430,47,2024-01-29 18:35:30
418,25,2025-03-14 10:47:07
49,25,2025-06-22 09:30:26
26,30,2026-02-02 04:23:52
239,8,2025-12-26 05:29:38
287,2,2024-06-02 11:41:10
34,15,2024-10-17 17:35:54
18,8,2023-07-17 03:22:13
179,50,2024-10-13 04:46:47
27,9,2024-02-11 05:26:03
328,19,2023-11-06 02:31:55
215,41,2025-11-08 06:11:43
219,37,2024-09-01 14:31:14
112,4,2025-12-06 06:42:35
88,34,2026-08-14 07:46:49
168,41,2026-12-03 22:11:02
213,4,2023-12-20 01:41:39
144,27,2025-05-22 04:19:34
329,29,2023-04-01 17:42:10
447,35,2025-04-07 17:01:11
204,13,2025-07-08 01:52:26
85,38,2024-01-10 08:49:06
111,14,2023-10-13 09:48:40
347,49,2023-05-09 11:51:51
295,30,2023-09-03 20:31:25
6,11,2023-02-10 06:10:08
341,43,2025-02-21 19:13:20
244,8,2024-03-17 07:44:08
204,22,2023-10-17 15:56:44
65,5,2023-02-14 23:14:11
325,6,2025-10-07 21:10:01
383,39,2025-01-02 16:07:28
96,11,2026-01-21 22:54:03
326,1,2025-07-13 11:46:06
82,27,2026-01-03 16:08:58
402,28,2025-05-28 16:22:29
486,21,2023-09-16 11:04:51
82,41,2026-06-28 09:38:20
247,12,2025-09-02 02:59:23
326,31,2026-07-05 01:31:39
137,43,2024-09-12 11:24:23
405,30,2024-03-05 03:50:38
487,46,2025-05-12 10:36:32
446,17,2025-07-08 10:23:40
167,8,2024-09-22 03:18:16
104,40,2024-07-15 16:01:38
161,14,2024-01-25 09:48:57
280,4,2026-03-06 20:53:10
104,18,2023-01-08 06:43:49
317,48,2026-08-17 16:23:38
94,43,2024-12-04 07:32:15
278,29,2024-08-22 02:22:09
135,33,2023-02-23 06:46:28
81,31,2026-04-10 21:45:02
337,40,2025-06-05 10:51:35
212,26,2023-10-15 07:07:54
253,32,2024-08-02 13:35:44
359,10,2026-11-06 10:55:52
298,26,2024-12-25 15:35:43
447,3,2026-08-31 13:47:22
151,1,2026-12-12 02:42:14
61,24,2026-11-25 05:34:39
130,26,2023-07-19 23:02:52
394,14,2026-02-06 05:43:26
401,1,2025-08-31 17:55:47
216,39,2025-12-25 05:33:36
31,38,2026-03-18 23:56:37
97,1,2023-11-15 16:54:35
475,4,2024-12-22 00:01:37
70,26,2025-03-15 09:12:29
113,17,2023-10-03 14:25:37
476,17,2026-12-24 12:30:45
399,45,2026-11-29 16:02:34
101,23,2024-03-12 01:49:06
349,32,2025-02-08 23:16:26
370,31,2024-12-07 16:17:56
487,40,2025-12-10 05:12:37
383,25,2026-03-12 05:27:30
326,33,2026-01-15 15:57:14
219,41,2023-10-03 17:00:13
24,12,2023-12-05 18:40:43
33,26,2026-09-07 13:03:20
212,18,2025-03-16 06:21:36
483,28,2026-09-12 13:15:15
157,48,2024-04-19 10:18:28
375,10,2026-06-03 03:13:07
329,25,2024-09-14 19:48:18
73,11,2025-01-08 13:21:56
72,11,2023-03-08 04:43:38
433,25,2023-03-03 22:36:17
62,19,2023-10-17 15:49:01
290,43,2023-12-19 03:25:21
20,45,2025-07-17 11:26:34
315,49,2024-07-20 05:55:56
443,14,2025-12-22 00:11:46
245,28,2026-06-25 16:32:06
82,25,2025-03-03 05:57:23
273,48,2025-02-08 02:18:23
183,4,2026-04-18 00:28:35
412,6,2024-04-21 06:46:45
174,3,2026-12-20 02:48:06
37,33,2025-11-28 03:39:03
222,1,2024-01-03 19:24:50
275,20,2023-02-19 04:56:12
382,11,2026-07-16 01:49:07
134,46,2023-08-04 14:12:04
36,4,2026-04-03 06:03:04
135,35,2026-02-12 10:54:23
9,30,2024-10-15 08:33:08
353,39,2025-09-15 22:56:03
382,29,2023-11-01 13:41:34
90,45,2026-07-29 20:42:47
171,42,2024-06-17 06:27:44
292,5,2025-08-15 07:39:48
326,35,2025-09-06 05:08:06
284,18,2023-03-03 13:06:35
349,21,2023-10-19 21:15:22
108,7,2026-03-25 19:32:09
304,41,2025-06-07 16:02:44
224,30,2023-05-24 23:14:21
187,39,2025-01-22 23:49:34
31,3,2024-07-20 21:20:17
149,11,2026-02-26 02:01:55
141,1,2023-11-27 08:31:49
9,40,2023-02-26 17:44:20
84,9,2026-10-29 16:48:36
87,41,2024-11-08 01:48:07
15,21,2025-02-19 03:50:02
125,23,2023-05-10 15:03:53
447,22,2026-04-22 11:17:00
298,42,2026-11-02 17:44:33
337,27,2025-06-10 09:50:38
176,19,2024-08-12 12:10:32
365,50,2026-06-07 17:25:59
305,1,2024-07-18 19:46:14
336,2,2024-12-02 08:03:15
9,25,2024-02-08 10:01:37
475,35,2024-12-22 15:20:41
475,39,2025-04-20 06:24:56
118,13,2025-08-11 16:34:28
216,19,2024-12-17 08:43:35
70,37,2024-10-02 12:18:55
138,48,2023-10-29 23:05:34
351,50,2024-08-09 12:59:20
223,9,2023-07-28 17:05:22
376,11,2024-12-29 00:33:28
331,32,2023-05-31 21:58:33
293,15,2026-08-25 13:24:21
404,46,2026-10-30 18:53:08
400,8,2024-02-28 11:59:50
247,48,2026-08-27 22:38:44
375,2,2023-03-02 23:33:07
261,48,2025-01-07 15:50:58
176,3,2026-12-24 02:23:00
216,12,2026-09-09 21:22:02
261,29,2024-10-16 18:48:25
263,28,2026-12-07 14:38:58
133,26,2024-08-18 01:42:34
283,49,2026-09-02 03:03:36
220,34,2026-01-16 10:53:37
243,21,2026-12-17 01:23:49
444,10,2026-03-02 04:13:23
268,40,2026-08-01 11:06:49
63,21,2023-04-13 17:27:25
394,24,2024-02-09 13:13:51
52,3,2025-10-22 15:06:45
386,17,2023-04-30 02:41:36
129,4,2023-10-27 03:47:22
192,5,2023-05-08 09:55:29
92,7,2024-06-23 06:34:17
385,26,2025-04-10 05:55:08
376,37,2024-08-13 03:19:58
272,25,2024-02-08 12:48:52
482,21,2026-02-22 13:59:28
168,3,2024-01-19 11:57:02
372,40,2024-06-24 16:29:24
439,11,2025-10-26 23:11:07
438,19,2026-12-20 09:09:52
283,45,2025-07-08 15:24:27
403,40,2025-04-05 04:53:43
187,2,2025-12-31 13:15:30
88,29,2024-08-24 16:46:44
228,1,2024-04-25 20:26:00
289,2,2024-10-19 00:21:05
461,1,2026-03-16 13:17:37
98,18,2025-07-12 12:43:32
347,8,2025-03-20 03:15:56
338,42,2026-09-08 05:49:29
450,18,2024-05-14 04:53:28
57,45,2023-01-15 18:20:07
500,35,2024-12-29 21:16:42
53,8,2023-03-01 23:53:22
158,17,2023-03-11 06:54:04
76,27,2023-08-07 19:29:34
183,33,2024-07-20 23:13:59
30,46,2026-05-10 12:58:09
353,13,2023-12-19 11:42:43
133,45,2023-10-07 06:48:41
393,7,2025-07-31 06:40:29
380,43,2024-05-04 00:07:50
281,15,2024-05-13 17:19:34
341,31,2023-03-29 05:11:54
479,6,2023-10-15 13:26:51
372,5,2023-09-30 09:20:22
348,9,2024-09-09 00:46:43
458,43,2024-10-02 17:48:06
448,7,2024-06-17 18:07:09
234,21,2025-09-14 03:24:28
339,20,2024-05-05 12:48:29
379,33,2024-08-14 05:40:35
446,5,2025-12-29 02:40:16
446,15,2024-09-29 13:55:59
409,42,2023-03-30 12:31:44
115,10,2025-05-23 20:31:49
149,15,2023-12-02 23:00:29
205,28,2023-11-04 03:45:21
31,39,2025-06-02 00:36:23
128,11,2026-07-07 13:07:59
426,27,2025-11-10 23:49:04
117,5,2026-03-23 14:49:36
89,41,2023-04-18 06:36:13
70,22,2024-01-19 12:25:25
364,6,2026-03-20 00:42:02
395,11,2023-11-01 18:23:21
145,6,2026-12-02 07:09:55
450,43,2024-04-03 00:44:36
10,47,2025-05-22 06:26:55
279,25,2024-02-20 03:57:08
271,30,2026-04-24 19:05:48
215,14,2025-12-28 13:45:25
241,10,2025-06-05 22:38:09
51,32,2026-09-03 19:25:23
478,23,2025-09-27 22:19:49
12,15,2023-11-11 14:16:36
145,5,2023-05-29 08:28:27
77,50,2026-11-13 14:48:30
65,41,2026-07-13 14:29:48
171,36,2026-01-25 06:57:52
45,1,2023-06-05 00:38:29
288,5,2023-01-15 19:19:48
347,19,2025-07-03 13:42:02
267,7,2024-08-27 17:12:55
284,33,2025-09-13 16:54:30
188,30,2026-06-21 07:56:27
103,47,2024-10-23 13:02:48
449,38,2023-06-03 03:10:52
206,27,2023-12-11 15:35:13
353,34,2026-01-20 19:16:15
351,23,2024-07-31 06:08:54
495,37,2023-02-17 01:55:02
469,36,2023-08-19 00:16:25
468,7,2026-01-01 19:50:45
296,30,2024-12-28 03:00:38
147,11,2026-04-21 22:51:27
441,24,2026-08-20 10:50:15
206,18,2023-07-08 08:52:37
66,20,2026-03-02 21:33:29
257,38,2025-02-12 19:09:03
349,39,2025-05-14 11:17:23
83,15,2023-02-06 13:57:05
441,10,2025-01-14 21:41:28
40,45,2026-03-17 03:02:18
406,40,2026-02-11 12:10:24
139,15,2024-08-08 03:02:37
314,3,2024-07-26 20:06:35
57,34,2023-10-11 16:21:03
170,40,2025-12-05 00:45:35
203,35,2024-10-27 10:37:09
240,27,2023-05-30 06:07:54
266,37,2023-04-18 22:04:12
478,40,2026-04-10 22:09:52
235,20,2024-03-29 06:28:02
402,10,2024-06-21 06:55:14
1,43,2023-06-04 13:59:01
408,22,2025-06-06 08:10:06
312,25,2024-02-09 19:56:51
44,39,2023-09-01 05:19:52
252,29,2026-05-03 11:49:48
149,6,2024-05-13 22:42:02
