id,user_id,type,data,is_read,created_at
1,31,job_application,"{""source_id"": 193, ""preview"": ""New activity on your content""}",True,2024-06-02 10:35:15
2,2,follow,"{""source_id"": 480, ""preview"": ""New activity on your content""}",False,2023-02-22 17:48:43
3,43,like,"{""source_id"": 110, ""preview"": ""New activity on your content""}",False,2025-01-16 07:25:28
4,42,like,"{""source_id"": 240, ""preview"": ""New activity on your content""}",True,2026-11-16 00:33:12
5,49,like,"{""source_id"": 339, ""preview"": ""New activity on your content""}",False,2026-10-26 06:48:41
6,9,like,"{""source_id"": 195, ""preview"": ""New activity on your content""}",True,2024-11-17 23:13:03
7,39,comment,"{""source_id"": 438, ""preview"": ""New activity on your content""}",True,2023-07-06 17:10:17
8,46,collection_add,"{""source_id"": 70, ""preview"": ""New activity on your content""}",False,2025-02-11 03:32:18
9,36,follow,"{""source_id"": 426, ""preview"": ""New activity on your content""}",True,2023-12-16 19:17:23
10,22,job_application,"{""source_id"": 145, ""preview"": ""New activity on your content""}",False,2024-04-11 10:03:40
11,23,collection_add,"{""source_id"": 55, ""preview"": ""New activity on your content""}",False,2023-07-16 19:22:10
12,15,follow,"{""source_id"": 69, ""preview"": ""New activity on your content""}",True,2023-08-01 17:11:02
13,13,like,"{""source_id"": 39, ""preview"": ""New activity on your content""}",False,2023-10-09 09:41:00
14,48,job_application,"{""source_id"": 214, ""preview"": ""New activity on your content""}",True,2025-11-05 11:32:05
15,38,job_application,"{""source_id"": 305, ""preview"": ""New activity on your content""}",False,2025-12-01 04:40:01
16,1,collection_add,"{""source_id"": 372, ""preview"": ""New activity on your content""}",False,2024-08-31 11:45:33
17,28,collection_add,"{""source_id"": 71, ""preview"": ""New activity on your content""}",True,2025-07-01 04:39:47
18,46,like,"{""source_id"": 114, ""preview"": ""New activity on your content""}",False,2026-08-27 16:03:32
19,35,team_invite,"{""source_id"": 231, ""preview"": ""New activity on your content""}",False,2026-12-21 13:09:34
20,27,job_application,"{""source_id"": 209, ""preview"": ""New activity on your content""}",True,2024-02-27 08:19:30
21,41,comment,"{""source_id"": 179, ""preview"": ""New activity on your content""}",False,2025-03-18 08:47:21
22,44,follow,"{""source_id"": 151, ""preview"": ""New activity on your content""}",True,2025-07-03 04:53:46
23,24,comment,"{""source_id"": 352, ""preview"": ""New activity on your content""}",True,2023-05-14 05:59:39
24,10,follow,"{""source_id"": 176, ""preview"": ""New activity on your content""}",False,2023-09-27 05:11:13
25,15,collection_add,"{""source_id"": 325, ""preview"": ""New activity on your content""}",False,2024-05-07 20:55:22
26,9,comment,"{""source_id"": 53, ""preview"": ""New activity on your content""}",True,2026-05-31 15:49:48
27,12,like,"{""source_id"": 269, ""preview"": ""New activity on your content""}",False,2026-03-28 08:29:09
28,6,job_application,"{""source_id"": 40, ""preview"": ""New activity on your content""}",True,2023-05-31 20:13:56
29,12,collection_add,"{""source_id"": 53, ""preview"": ""New activity on your content""}",False,2025-04-07 13:45:29
30,35,like,"{""source_id"": 456, ""preview"": ""New activity on your content""}",True,2025-10-03 03:31:09
31,16,team_invite,"{""source_id"": 101, ""preview"": ""New activity on your content""}",False,2023-07-15 15:57:24
32,46,team_invite,"{""source_id"": 226, ""preview"": ""New activity on your content""}",False,2026-05-26 19:37:11
33,21,job_application,"{""source_id"": 372, ""preview"": ""New activity on your content""}",True,2025-01-02 15:46:20
34,28,follow,"{""source_id"": 46, ""preview"": ""New activity on your content""}",True,2026-07-26 22:39:04
35,7,like,"{""source_id"": 397, ""preview"": ""New activity on your content""}",False,2025-04-15 10:14:27
36,38,like,"{""source_id"": 297, ""preview"": ""New activity on your content""}",True,2026-12-02 18:06:31
37,20,comment,"{""source_id"": 184, ""preview"": ""New activity on your content""}",False,2026-05-23 23:12:32
38,50,like,"{""source_id"": 172, ""preview"": ""New activity on your content""}",True,2023-08-07 02:57:43
39,36,follow,"{""source_id"": 269, ""preview"": ""New activity on your content""}",False,2025-07-10 13:15:08
40,6,job_application,"{""source_id"": 40, ""preview"": ""New activity on your content""}",False,2025-10-10 14:28:09
41,25,job_application,"{""source_id"": 311, ""preview"": ""New activity on your content""}",True,2026-05-08 11:37:47
42,45,job_application,"{""source_id"": 15, ""preview"": ""New activity on your content""}",False,2026-06-11 16:13:09
43,15,comment,"{""source_id"": 97, ""preview"": ""New activity on your content""}",False,2025-12-25 00:25:28
44,41,follow,"{""source_id"": 239, ""preview"": ""New activity on your content""}",True,2026-07-14 02:10:41
45,6,comment,"{""source_id"": 324, ""preview"": ""New activity on your content""}",False,2025-01-01 19:42:14
46,41,team_invite,"{""source_id"": 334, ""preview"": ""New activity on your content""}",False,2026-03-23 06:03:30
47,7,comment,"{""source_id"": 60, ""preview"": ""New activity on your content""}",True,2026-09-15 06:12:25
48,42,like,"{""source_id"": 244, ""preview"": ""New activity on your content""}",False,2026-12-18 14:27:02
49,17,like,"{""source_id"": 52, ""preview"": ""New activity on your content""}",True,2025-09-08 20:11:58
50,1,follow,"{""source_id"": 42, ""preview"": ""New activity on your content""}",True,2025-12-26 02:37:40
51,11,comment,"{""source_id"": 296, ""preview"": ""New activity on your content""}",False,2026-08-25 17:46:17
52,46,team_invite,"{""source_id"": 380, ""preview"": ""New activity on your content""}",False,2023-03-30 15:36:20
53,2,comment,"{""source_id"": 113, ""preview"": ""New activity on your content""}",True,2024-10-05 07:36:23
54,21,follow,"{""source_id"": 96, ""preview"": ""New activity on your content""}",False,2023-01-24 14:43:56
55,5,like,"{""source_id"": 180, ""preview"": ""New activity on your content""}",False,2023-12-28 01:46:11
56,38,team_invite,"{""source_id"": 362, ""preview"": ""New activity on your content""}",False,2023-09-15 22:21:59
57,10,team_invite,"{""source_id"": 444, ""preview"": ""New activity on your content""}",True,2026-02-04 19:58:52
58,13,comment,"{""source_id"": 17, ""preview"": ""New activity on your content""}",True,2024-03-24 18:21:32
59,49,follow,"{""source_id"": 295, ""preview"": ""New activity on your content""}",False,2026-10-11 22:37:58
60,41,job_application,"{""source_id"": 232, ""preview"": ""New activity on your content""}",False,2026-03-29 20:31:19
61,42,collection_add,"{""source_id"": 54, ""preview"": ""New activity on your content""}",True,2026-02-28 17:13:34
62,22,job_application,"{""source_id"": 132, ""preview"": ""New activity on your content""}",False,2026-06-15 14:12:28
63,28,team_invite,"{""source_id"": 304, ""preview"": ""New activity on your content""}",False,2023-10-28 15:37:03
64,8,collection_add,"{""source_id"": 112, ""preview"": ""New activity on your content""}",False,2024-05-01 11:23:31
65,33,team_invite,"{""source_id"": 296, ""preview"": ""New activity on your content""}",False,2025-09-14 03:33:36
66,28,follow,"{""source_id"": 81, ""preview"": ""New activity on your content""}",False,2024-02-23 11:15:19
67,15,follow,"{""source_id"": 155, ""preview"": ""New activity on your content""}",False,2026-10-16 14:06:31
68,15,collection_add,"{""source_id"": 38, ""preview"": ""New activity on your content""}",False,2023-05-23 22:26:48
69,41,job_application,"{""source_id"": 158, ""preview"": ""New activity on your content""}",False,2024-06-08 09:39:11
70,30,collection_add,"{""source_id"": 314, ""preview"": ""New activity on your content""}",False,2024-06-07 06:40:13
71,14,like,"{""source_id"": 432, ""preview"": ""New activity on your content""}",True,2024-08-20 18:54:33
72,10,like,"{""source_id"": 168, ""preview"": ""New activity on your content""}",True,2023-05-15 15:33:14
73,9,follow,"{""source_id"": 378, ""preview"": ""New activity on your content""}",True,2023-05-28 03:23:50
74,1,team_invite,"{""source_id"": 253, ""preview"": ""New activity on your content""}",False,2026-02-13 01:47:31
75,29,collection_add,"{""source_id"": 54, ""preview"": ""New activity on your content""}",False,2025-01-10 04:49:55
76,38,collection_add,"{""source_id"": 85, ""preview"": ""New activity on your content""}",False,2024-03-25 16:27:15
77,44,follow,"{""source_id"": 199, ""preview"": ""New activity on your content""}",False,2026-05-03 16:00:22
78,2,comment,"{""source_id"": 3, ""preview"": ""New activity on your content""}",True,2023-07-13 16:51:55
79,36,comment,"{""source_id"": 390, ""preview"": ""New activity on your content""}",True,2025-07-17 06:09:30
80,15,team_invite,"{""source_id"": 285, ""preview"": ""New activity on your content""}",False,2024-01-19 22:23:11
81,30,like,"{""source_id"": 209, ""preview"": ""New activity on your content""}",False,2026-03-13 09:37:55
82,10,like,"{""source_id"": 162, ""preview"": ""New activity on your content""}",True,2023-09-01 06:19:51
83,26,comment,"{""source_id"": 29, ""preview"": ""New activity on your content""}",True,2023-03-01 19:50:06
84,40,comment,"{""source_id"": 414, ""preview"": ""New activity on your content""}",False,2024-02-02 16:25:43
85,26,team_invite,"{""source_id"": 257, ""preview"": ""New activity on your content""}",True,2026-08-27 02:25:20
86,42,collection_add,"{""source_id"": 488, ""preview"": ""New activity on your content""}",True,2024-04-15 10:14:59
87,12,comment,"{""source_id"": 2, ""preview"": ""New activity on your content""}",False,2024-11-26 04:27:35
88,41,team_invite,"{""source_id"": 319, ""preview"": ""New activity on your content""}",True,2026-10-25 04:15:11
89,6,follow,"{""source_id"": 421, ""preview"": ""New activity on your content""}",True,2026-10-25 18:14:34
90,27,collection_add,"{""source_id"": 250, ""preview"": ""New activity on your content""}",True,2026-05-20 10:15:04
91,25,like,"{""source_id"": 249, ""preview"": ""New activity on your content""}",False,2025-04-24 08:27:46
92,16,comment,"{""source_id"": 418, ""preview"": ""New activity on your content""}",False,2026-07-20 16:40:12
93,27,follow,"{""source_id"": 203, ""preview"": ""New activity on your content""}",True,2026-06-22 12:46:44
94,20,job_application,"{""source_id"": 249, ""preview"": ""New activity on your content""}",True,2025-05-25 19:50:14
95,10,follow,"{""source_id"": 91, ""preview"": ""New activity on your content""}",False,2023-09-13 00:36:14
96,46,collection_add,"{""source_id"": 460, ""preview"": ""New activity on your content""}",True,2026-04-28 10:42:27
97,35,like,"{""source_id"": 55, ""preview"": ""New activity on your content""}",True,2023-06-04 00:39:07
98,34,follow,"{""source_id"": 82, ""preview"": ""New activity on your content""}",False,2025-09-05 13:15:22
99,47,comment,"{""source_id"": 36, ""preview"": ""New activity on your content""}",False,2026-07-12 03:22:44
100,6,job_application,"{""source_id"": 433, ""preview"": ""New activity on your content""}",True,2023-12-22 01:36:19
101,37,team_invite,"{""source_id"": 272, ""preview"": ""New activity on your content""}",False,2024-06-05 11:24:33
102,25,collection_add,"{""source_id"": 352, ""preview"": ""New activity on your content""}",True,2025-11-16 20:32:15
103,8,comment,"{""source_id"": 58, ""preview"": ""New activity on your content""}",True,2025-08-13 06:40:27
104,13,collection_add,"{""source_id"": 225, ""preview"": ""New activity on your content""}",False,2025-07-05 00:04:26
105,29,collection_add,"{""source_id"": 78, ""preview"": ""New activity on your content""}",True,2026-06-22 16:50:39
106,20,job_application,"{""source_id"": 315, ""preview"": ""New activity on your content""}",False,2023-07-03 21:16:14
107,19,team_invite,"{""source_id"": 8, ""preview"": ""New activity on your content""}",True,2025-06-20 15:56:15
108,24,like,"{""source_id"": 13, ""preview"": ""New activity on your content""}",True,2023-04-22 03:56:35
109,38,job_application,"{""source_id"": 246, ""preview"": ""New activity on your content""}",False,2026-06-16 09:13:20
110,39,follow,"{""source_id"": 73, ""preview"": ""New activity on your content""}",False,2025-03-22 18:15:29
111,33,comment,"{""source_id"": 346, ""preview"": ""New activity on your content""}",False,2025-08-06 18:03:57
112,37,team_invite,"{""source_id"": 243, ""preview"": ""New activity on your content""}",True,2025-09-26 20:00:00
113,15,job_application,"{""source_id"": 149, ""preview"": ""New activity on your content""}",True,2024-03-25 12:00:01
114,49,like,"{""source_id"": 312, ""preview"": ""New activity on your content""}",True,2026-04-17 07:00:18
115,50,comment,"{""source_id"": 425, ""preview"": ""New activity on your content""}",True,2024-03-23 12:30:39
116,32,job_application,"{""source_id"": 471, ""preview"": ""New activity on your content""}",True,2026-03-08 16:32:42
117,49,comment,"{""source_id"": 96, ""preview"": ""New activity on your content""}",True,2025-10-30 05:57:32
118,16,team_invite,"{""source_id"": 3, ""preview"": ""New activity on your content""}",True,2023-03-12 22:33:24
119,21,collection_add,"{""source_id"": 241, ""preview"": ""New activity on your content""}",True,2026-04-23 09:42:16
120,40,team_invite,"{""source_id"": 248, ""preview"": ""New activity on your content""}",True,2023-12-10 19:36:44
121,48,like,"{""source_id"": 192, ""preview"": ""New activity on your content""}",False,2023-03-06 04:07:14
122,22,job_application,"{""source_id"": 207, ""preview"": ""New activity on your content""}",True,2025-09-22 19:20:07
123,18,team_invite,"{""source_id"": 492, ""preview"": ""New activity on your content""}",True,2023-03-30 17:34:09
124,42,job_application,"{""source_id"": 85, ""preview"": ""New activity on your content""}",True,2025-11-27 04:48:20
125,12,collection_add,"{""source_id"": 369, ""preview"": ""New activity on your content""}",True,2024-04-25 12:15:24
126,36,collection_add,"{""source_id"": 20, ""preview"": ""New activity on your content""}",True,2024-12-10 09:40:09
127,8,collection_add,"{""source_id"": 213, ""preview"": ""New activity on your content""}",False,2025-10-11 18:09:21
128,1,follow,"{""source_id"": 391, ""preview"": ""New activity on your content""}",False,2025-02-21 06:48:12
129,39,team_invite,"{""source_id"": 107, ""preview"": ""New activity on your content""}",False,2024-11-07 12:59:29
130,15,collection_add,"{""source_id"": 417, ""preview"": ""New activity on your content""}",False,2023-11-24 14:22:40
131,13,follow,"{""source_id"": 171, ""preview"": ""New activity on your content""}",True,2026-07-30 07:26:42
132,29,team_invite,"{""source_id"": 170, ""preview"": ""New activity on your content""}",False,2026-07-25 10:46:33
133,30,follow,"{""source_id"": 352, ""preview"": ""New activity on your content""}",False,2025-01-20 09:53:34
134,2,job_application,"{""source_id"": 117, ""preview"": ""New activity on your content""}",False,2023-08-10 16:36:19
135,25,team_invite,"{""source_id"": 71, ""preview"": ""New activity on your content""}",True,2024-07-14 07:34:12
136,1,team_invite,"{""source_id"": 261, ""preview"": ""New activity on your content""}",True,2024-10-03 12:30:59
137,13,like,"{""source_id"": 256, ""preview"": ""New activity on your content""}",False,2025-06-28 03:07:41
138,47,collection_add,"{""source_id"": 42, ""preview"": ""New activity on your content""}",False,2026-07-13 06:35:46
139,37,follow,"{""source_id"": 439, ""preview"": ""New activity on your content""}",True,2024-08-15 03:13:36
140,25,collection_add,"{""source_id"": 310, ""preview"": ""New activity on your content""}",False,2023-11-11 14:39:49
141,17,team_invite,"{""source_id"": 178, ""preview"": ""New activity on your content""}",False,2026-03-06 08:08:39
142,19,like,"{""source_id"": 16, ""preview"": ""New activity on your content""}",False,2024-09-14 03:41:25
143,16,like,"{""source_id"": 150, ""preview"": ""New activity on your content""}",True,2024-06-25 23:42:00
144,24,job_application,"{""source_id"": 180, ""preview"": ""New activity on your content""}",True,2024-03-22 11:26:26
145,20,job_application,"{""source_id"": 455, ""preview"": ""New activity on your content""}",True,2024-08-11 00:13:05
146,11,follow,"{""source_id"": 225, ""preview"": ""New activity on your content""}",True,2024-09-20 02:28:48
147,4,comment,"{""source_id"": 208, ""preview"": ""New activity on your content""}",False,2024-05-03 06:54:26
148,35,collection_add,"{""source_id"": 417, ""preview"": ""New activity on your content""}",True,2023-09-02 06:00:17
149,5,team_invite,"{""source_id"": 152, ""preview"": ""New activity on your content""}",False,2024-11-25 01:18:41
150,10,job_application,"{""source_id"": 15, ""preview"": ""New activity on your content""}",True,2025-03-30 11:10:08
151,31,team_invite,"{""source_id"": 434, ""preview"": ""New activity on your content""}",True,2024-01-01 10:04:40
152,12,job_application,"{""source_id"": 155, ""preview"": ""New activity on your content""}",False,2024-10-16 23:25:04
153,50,collection_add,"{""source_id"": 365, ""preview"": ""New activity on your content""}",False,2026-07-08 04:20:29
154,22,like,"{""source_id"": 39, ""preview"": ""New activity on your content""}",False,2023-05-16 20:08:50
155,6,like,"{""source_id"": 279, ""preview"": ""New activity on your content""}",False,2025-04-20 12:48:28
156,39,like,"{""source_id"": 449, ""preview"": ""New activity on your content""}",True,2023-02-16 20:26:38
157,48,follow,"{""source_id"": 169, ""preview"": ""New activity on your content""}",True,2025-09-19 11:00:04
158,16,team_invite,"{""source_id"": 238, ""preview"": ""New activity on your content""}",True,2026-05-19 23:32:32
159,25,like,"{""source_id"": 338, ""preview"": ""New activity on your content""}",False,2026-07-17 07:22:27
160,42,collection_add,"{""source_id"": 254, ""preview"": ""New activity on your content""}",True,2025-10-23 16:32:20
161,22,collection_add,"{""source_id"": 17, ""preview"": ""New activity on your content""}",False,2023-07-16 07:44:58
162,2,comment,"{""source_id"": 491, ""preview"": ""New activity on your content""}",False,2024-03-17 09:48:36
163,4,team_invite,"{""source_id"": 101, ""preview"": ""New activity on your content""}",False,2023-03-30 17:21:26
164,33,comment,"{""source_id"": 478, ""preview"": ""New activity on your content""}",True,2023-07-10 09:00:40
165,16,collection_add,"{""source_id"": 149, ""preview"": ""New activity on your content""}",True,2023-04-25 21:54:41
166,34,follow,"{""source_id"": 62, ""preview"": ""New activity on your content""}",False,2024-04-29 07:02:58
167,30,job_application,"{""source_id"": 198, ""preview"": ""New activity on your content""}",False,2025-04-26 20:24:10
168,24,team_invite,"{""source_id"": 490, ""preview"": ""New activity on your content""}",False,2023-02-21 19:07:01
169,29,follow,"{""source_id"": 334, ""preview"": ""New activity on your content""}",True,2023-11-23 23:07:46
170,34,team_invite,"{""source_id"": 275, ""preview"": ""New activity on your content""}",True,2025-04-23 22:14:19
171,11,collection_add,"{""source_id"": 325, ""preview"": ""New activity on your content""}",True,2023-08-01 02:15:02
172,49,team_invite,"{""source_id"": 331, ""preview"": ""New activity on your content""}",False,2024-05-19 15:49:53
173,27,job_application,"{""source_id"": 75, ""preview"": ""New activity on your content""}",True,2024-06-11 12:14:11
174,34,team_invite,"{""source_id"": 112, ""preview"": ""New activity on your content""}",False,2024-01-06 07:29:19
175,34,collection_add,"{""source_id"": 459, ""preview"": ""New activity on your content""}",False,2025-12-08 19:04:58
176,37,comment,"{""source_id"": 208, ""preview"": ""New activity on your content""}",True,2023-10-11 22:30:51
177,11,like,"{""source_id"": 114, ""preview"": ""New activity on your content""}",False,2023-06-14 21:53:40
178,21,follow,"{""source_id"": 109, ""preview"": ""New activity on your content""}",False,2024-01-17 22:57:02
179,14,comment,"{""source_id"": 422, ""preview"": ""New activity on your content""}",True,2025-08-22 18:51:19
180,7,collection_add,"{""source_id"": 242, ""preview"": ""New activity on your content""}",True,2025-03-06 09:28:37
181,33,collection_add,"{""source_id"": 55, ""preview"": ""New activity on your content""}",False,2023-01-13 12:47:52
182,49,team_invite,"{""source_id"": 497, ""preview"": ""New activity on your content""}",True,2024-10-28 12:31:53
183,12,like,"{""source_id"": 46, ""preview"": ""New activity on your content""}",False,2024-11-19 00:21:15
184,8,comment,"{""source_id"": 267, ""preview"": ""New activity on your content""}",False,2023-01-21 14:00:15
185,33,team_invite,"{""source_id"": 10, ""preview"": ""New activity on your content""}",False,2025-03-25 06:55:18
186,18,collection_add,"{""source_id"": 23, ""preview"": ""New activity on your content""}",False,2025-11-02 21:06:47
187,5,team_invite,"{""source_id"": 249, ""preview"": ""New activity on your content""}",True,2026-10-25 07:39:01
188,44,collection_add,"{""source_id"": 433, ""preview"": ""New activity on your content""}",False,2026-03-16 03:49:30
189,23,collection_add,"{""source_id"": 69, ""preview"": ""New activity on your content""}",False,2025-05-22 22:59:00
190,47,comment,"{""source_id"": 203, ""preview"": ""New activity on your content""}",False,2025-04-26 22:15:14
191,16,follow,"{""source_id"": 28, ""preview"": ""New activity on your content""}",True,2024-07-04 20:23:14
192,43,comment,"{""source_id"": 56, ""preview"": ""New activity on your content""}",True,2023-10-01 20:43:48
193,11,collection_add,"{""source_id"": 7, ""preview"": ""New activity on your content""}",False,2025-09-23 00:10:42
194,1,follow,"{""source_id"": 359, ""preview"": ""New activity on your content""}",True,2024-02-04 16:33:19
195,39,job_application,"{""source_id"": 322, ""preview"": ""New activity on your content""}",False,2024-04-14 13:23:58
196,7,team_invite,"{""source_id"": 195, ""preview"": ""New activity on your content""}",True,2025-01-02 02:50:07
197,14,follow,"{""source_id"": 395, ""preview"": ""New activity on your content""}",True,2023-05-01 13:08:24
198,49,collection_add,"{""source_id"": 95, ""preview"": ""New activity on your content""}",False,2026-07-16 13:13:55
199,22,like,"{""source_id"": 8, ""preview"": ""New activity on your content""}",False,2024-07-02 02:04:29
200,25,team_invite,"{""source_id"": 183, ""preview"": ""New activity on your content""}",True,2023-11-09 22:01:21
