collection_id,shot_id,added_at
1,40,2024-04-27 01:21:48
2,65,2024-05-07 07:12:54
2,128,2024-11-05 10:21:57
2,246,2025-07-30 22:46:16
2,201,2024-03-14 12:29:59
2,365,2023-03-11 11:15:11
2,6,2025-09-29 20:17:31
3,233,2025-11-21 02:27:15
3,185,2026-03-10 18:16:17
3,358,2024-03-23 00:01:56
3,196,2024-07-15 23:38:33
3,123,2024-01-28 13:41:58
3,164,2025-07-02 04:45:11
3,225,2026-03-09 19:19:44
4,211,2025-11-29 05:35:23
4,454,2025-07-29 20:26:22
4,196,2024-08-14 09:48:03
4,114,2026-11-29 06:20:25
5,382,2024-06-21 11:28:34
5,484,2025-04-24 03:54:36
6,65,2023-11-13 04:34:34
6,393,2023-11-08 10:06:07
7,33,2024-10-08 13:44:00
7,36,2026-08-06 15:19:02
7,68,2024-10-03 19:56:27
8,337,2024-12-29 21:12:58
9,447,2024-08-26 12:24:34
9,430,2024-09-21 10:44:23
9,407,2024-10-29 12:43:18
9,132,2025-04-29 08:30:36
10,6,2025-05-18 00:50:58
10,249,2023-02-20 04:10:09
10,352,2024-03-20 18:41:39
10,26,2023-07-18 10:53:19
10,154,2025-04-21 14:04:33
11,413,2023-06-14 13:49:26
11,260,2026-03-05 16:51:54
11,175,2025-11-21 08:22:23
11,458,2023-04-21 07:47:43
11,64,2023-07-05 06:24:48
11,454,2023-05-16 14:42:40
11,287,2023-07-26 03:33:46
11,396,2026-01-31 16:00:55
12,430,2025-09-14 16:57:00
12,468,2024-11-08 14:24:52
13,466,2026-11-16 22:43:29
13,305,2023-03-20 09:33:09
13,196,2023-01-10 14:27:24
13,363,2025-03-12 23:05:05
13,191,2023-11-20 14:02:08
13,488,2025-08-31 02:53:45
13,409,2026-08-29 07:34:59
14,227,2023-01-12 17:06:05
14,322,2023-01-25 11:07:46
15,132,2023-02-19 13:31:23
15,247,2025-03-04 11:55:04
15,91,2026-05-25 22:57:45
15,471,2026-03-12 17:02:09
15,168,2024-01-27 18:16:40
15,318,2026-12-22 15:18:02
16,338,2023-08-28 03:27:08
16,190,2026-06-13 23:51:26
16,386,2023-11-04 01:42:03
16,472,2024-12-24 04:41:50
16,206,2024-05-23 04:36:00
16,400,2026-12-05 10:57:09
16,309,2025-10-02 04:44:58
16,347,2026-11-11 10:11:19
17,462,2026-08-29 09:03:40
18,398,2025-10-19 10:55:35
18,45,2026-05-19 09:11:43
18,191,2024-06-12 15:43:34
19,344,2025-07-02 23:02:06
19,22,2023-02-13 14:38:04
20,20,2023-02-25 21:58:37
20,126,2026-10-05 19:39:44
20,381,2025-08-08 20:23:49
20,401,2023-05-01 05:24:38
20,43,2023-02-04 03:03:27
20,204,2026-09-11 13:46:17
20,485,2023-04-30 00:06:43
20,77,2025-02-23 16:48:51
21,421,2026-12-12 20:50:14
21,130,2023-01-10 02:39:29
22,359,2023-07-04 03:06:39
22,164,2024-12-24 19:35:32
22,421,2025-04-03 06:45:17
22,234,2026-06-16 09:14:11
23,239,2026-10-10 13:13:27
23,334,2023-12-09 00:07:08
23,348,2024-12-31 09:13:16
23,405,2025-06-13 05:01:00
23,84,2023-02-18 07:06:13
23,124,2023-03-29 21:48:13
23,58,2024-11-11 04:31:43
24,127,2025-01-04 01:02:53
24,151,2024-12-03 21:37:10
24,137,2024-07-13 17:38:46
24,102,2026-07-01 21:39:06
24,375,2026-05-22 05:13:17
24,220,2023-02-22 06:16:59
25,86,2026-08-16 15:30:21
25,23,2025-10-27 00:21:16
25,439,2023-11-20 11:40:49
25,180,2025-11-16 03:06:41
25,396,2025-05-21 05:09:04
26,269,2026-11-02 19:47:58
26,42,2026-11-25 10:08:45
26,11,2023-07-29 10:54:09
26,62,2023-06-12 02:30:33
26,395,2023-03-23 21:08:24
26,191,2024-07-29 00:17:32
26,403,2023-08-15 10:51:36
27,199,2024-03-31 06:23:56
27,291,2023-08-27 04:09:56
27,278,2026-10-30 17:53:10
28,277,2026-06-14 07:33:41
28,250,2023-03-14 21:01:33
28,380,2024-12-25 05:36:37
28,188,2026-04-08 23:13:17
28,437,2023-05-24 18:55:16
28,203,2023-05-15 23:20:59
29,164,2025-11-04 18:29:36
29,463,2023-07-09 07:59:58
29,143,2023-01-20 07:05:55
29,251,2024-06-17 17:45:47
29,460,2025-06-02 02:17:10
29,490,2026-11-19 02:48:00
30,386,2026-12-12 14:44:53
30,206,2023-07-20 19:20:15
30,308,2024-04-19 13:33:45
30,238,2024-02-13 20:08:52
30,72,2025-01-19 08:12:20
30,314,2023-10-24 07:45:34
30,417,2024-11-06 00:08:42
30,230,2023-01-26 14:57:55
